user_name|tweet_text|created_at
SATMX|"#ComunicadoSAT 

El SAT recuerda a los contribuyentes que los gastos funerarios son deducibles del pago de impuesto sobre la renta (ISR) en la declaración anual, para poder obtener, en su caso, saldo a favor.

Asimismo, señala que las herencias no están sujetas al pago de https://t.co/okiHxjbbbl"|Tue Nov 28 02:22:44 +0000 2023
SATMX|"#ComunicadoSAT 
El SAT informa que, del 25 de octubre al 10 de noviembre, se considerarán días inhábiles en Acapulco de Juárez, por lo que no se computarán plazos y términos legales correspondientes. 

Asimismo, se comunica la apertura de los Módulos de Servicios Tributarios de https://t.co/bhM1Z58gPY"|Sat Oct 28 02:06:36 +0000 2023
SATMX|"#ComunicadoSAT 

El SAT recuerda a los contribuyentes tramitar o mantener vigente su e.firma para la presentación de la Declaración Anual 2023.

Asimismo, da a conocer los requisitos necesarios para obtener la e.firma por primera vez. https://t.co/R1H50FRMOm"|Mon Mar 11 18:31:50 +0000 2024
SATMX|"#ComunicadoSAT

El SAT informa que a partir del 1 de febrero está a disposición de las personas morales del Régimen General una nueva herramienta que permite presentar los pagos definitivos del IVA. 

Con lo anterior, el SAT reitera el compromiso de continuar implementando https://t.co/I6D3WOQWoy"|Thu Feb 15 17:59:18 +0000 2024
SATMX|"#ComunicadoSAT

El SAT recuerda los gastos médicos que se pueden deducir en la Declaración Anual 2023 de personas físicas.

Para más información, ingresa al Visor de deducciones personales en la siguiente liga:
https://t.co/I04b6cu2mi

#Declara2023 https://t.co/ncRqgpv7tu"|Mon Apr 08 19:02:18 +0000 2024
SATMX|"#ComunicadoSAT 

El SAT informa que, para aquellos contribuyentes que como resultado de la presentación de la Declaración Anual 2023 de personas físicas se les determine impuesto a pagar, tienen la opción de hacerlo hasta en seis parcialidades.

#Declara2023 https://t.co/4lQFuy124Q"|Mon Apr 01 15:07:47 +0000 2024
SATMX|"Conoce los requisitos para renovar tu e.firma si venció hace menos de un año. 

Ingresa a https://t.co/JfFxMkG8gY https://t.co/zxS5EstTuL"|Tue Dec 05 16:04:02 +0000 2023
SATMX|"#ComunicadoSAT

El SAT informa que de enero a julio de 2024 la recaudación tributaria alcanzó 2 billones 943 mil 846 millones de pesos, lo que representa un incremento de 296 mil 339 millones de pesos, en comparación con el mismo periodo de 2023, es decir, un crecimiento real de https://t.co/HOSKvor6Ox"|Mon Aug 19 17:06:51 +0000 2024
SATMX|"Obtén tu Constancia de Situación Fiscal a través de SAT ID. 

Consulta los requisitos e ingresa a https://t.co/JfFxMkG8gY https://t.co/Qy9vNdFkQk"|Wed Dec 13 16:03:13 +0000 2023
SATMX|"Si eres persona física, conoce los detalles para inscribirte al RFC a través de Oficina Virtual, sin acudir a una oficina. 

Registra tu cita en https://t.co/HtlAkjaD9d https://t.co/6yG68ggYTc"|Wed Jun 12 19:25:21 +0000 2024
SATMX|"Hoy, hace 27 años, iniciamos funciones como organismo encargado de recaudar las contribuciones del país. 

Este 1 de julio, celebramos ser parte de la transformación de México que contribuye a una sociedad más justa y equitativa. 

Contribuimos al bienestar de México https://t.co/mzezrBNx0K"|Mon Jul 01 15:47:32 +0000 2024
SATMX|"El Presidente de México, @lopezobrador_ presentó la propuesta de 20 reformas constitucionales que enviará al Congreso de la Unión.  

La número nueve establece: 
“Penalizar con severidad el delito fiscal ejercido por la delincuencia de cuello blanco mediante el uso de las https://t.co/OJiQHBnDwL"|Tue Feb 06 01:38:13 +0000 2024
SATMX|Si perteneces al RIF y este año cumples 10 años de tributar bajo este régimen, conoce cómo presentar tu aviso de actualización de obligaciones fiscales en https://t.co/KxzxGDnsNu https://t.co/V7zD5BPqSc|Fri Mar 01 18:09:24 +0000 2024
SATMX|"#ComunicadoSAT 

El SAT informa que la recaudación tributaria en el primer cuatrimestre de 2024 alcanzó un billón 766 mil 612 millones de pesos, cifra que cumplió la meta proyectada en la Ley de Ingresos de la Federación (LIF), al recaudar el 100.1 por ciento. 

Estos resultados https://t.co/sUwJyvkBvV"|Mon May 13 15:35:59 +0000 2024
SATMX|"#ComunicadoSAT 

El SAT recuerda a las Donatarias Autorizadas presentar su declaración anual a más tardar el 15 de febrero, en la cual deben informar acerca de sus ingresos obtenidos y de las erogaciones efectuadas.

Para más información, visita el Portal del SAT https://t.co/BhTPgK5swA"|Tue Feb 13 17:25:54 +0000 2024
SATMX|"#ComunicadoSAT

El SAT y la @SRE_mx firmaron un convenio para que las y los mexicanos que viven en el exterior puedan inscribirse al RFC desde cualquier parte del mundo por medio de Oficina Virtual. 

Al respecto el jefe del SAT sostuvo que, como institución integrante de la https://t.co/BO3AgkxtRZ"|Wed May 22 22:41:02 +0000 2024
SATMX|"#ComunicadoSAT 

El SAT informa que no se suspenderá la atención presencial en las oficinas del país durante el periodo vacacional del 18 de diciembre al 2 de enero. 

Asimismo, recuerda a los contribuyentes la opción de realizar trámites a través de las herramientas digitales https://t.co/1lAufXr8vB"|Thu Dec 14 17:06:21 +0000 2023
SATMX|"Toma en cuenta que, en caso de obtener impuestos a pagar en tu declaración, puedes realizar el pago hasta en seis parcialidades.

Para más información, visita el minisitio en https://t.co/S6AbFC6GJ2 

#Declara2023 https://t.co/MPMENw6PCY"|Mon Apr 22 23:16:37 +0000 2024
SATMX|"#Declara2023

Conoce las opciones para verificar la vigencia de tu e.fima. Recuerda que es necesaria para presentar tu Declaración Anual 2023 de personas físicas, solo si tu saldo a favor es superior a 10 mil pesos o cambias tu cuenta CLABE.

Para más información, visita el https://t.co/VWvMzJ1Kzc"|Tue Apr 16 23:24:40 +0000 2024
SATMX|@hugoacost1 Buen día, el IVA debe estar incluido en el costo al público, sin importar si solicitas o no factura, en este caso puedes presentar la denuncia correspondiente en: https://t.co/pWXLHq4mIs, saludos.|Thu Oct 19 16:11:27 +0000 2023
SATMX|"#ComunicadoSAT 

El SAT recuerda a los contribuyentes que los gastos funerarios son deducibles del pago de impuesto sobre la renta (ISR) en la declaración anual, para poder obtener, en su caso, saldo a favor.

Asimismo, señala que las herencias no están sujetas al pago de https://t.co/okiHxjbbbl"|Tue Nov 28 02:22:44 +0000 2023
SATMX|"#ComunicadoSAT 
El SAT informa que, del 25 de octubre al 10 de noviembre, se considerarán días inhábiles en Acapulco de Juárez, por lo que no se computarán plazos y términos legales correspondientes. 

Asimismo, se comunica la apertura de los Módulos de Servicios Tributarios de https://t.co/bhM1Z58gPY"|Sat Oct 28 02:06:36 +0000 2023
SATMX|"#ComunicadoSAT 

El SAT recuerda a los contribuyentes tramitar o mantener vigente su e.firma para la presentación de la Declaración Anual 2023.

Asimismo, da a conocer los requisitos necesarios para obtener la e.firma por primera vez. https://t.co/R1H50FRMOm"|Mon Mar 11 18:31:50 +0000 2024
SATMX|"#ComunicadoSAT

El SAT informa que a partir del 1 de febrero está a disposición de las personas morales del Régimen General una nueva herramienta que permite presentar los pagos definitivos del IVA. 

Con lo anterior, el SAT reitera el compromiso de continuar implementando https://t.co/I6D3WOQWoy"|Thu Feb 15 17:59:18 +0000 2024
SATMX|"#ComunicadoSAT

El SAT recuerda los gastos médicos que se pueden deducir en la Declaración Anual 2023 de personas físicas.

Para más información, ingresa al Visor de deducciones personales en la siguiente liga:
https://t.co/I04b6cu2mi

#Declara2023 https://t.co/ncRqgpv7tu"|Mon Apr 08 19:02:18 +0000 2024
SATMX|"#ComunicadoSAT 

El SAT informa que, para aquellos contribuyentes que como resultado de la presentación de la Declaración Anual 2023 de personas físicas se les determine impuesto a pagar, tienen la opción de hacerlo hasta en seis parcialidades.

#Declara2023 https://t.co/4lQFuy124Q"|Mon Apr 01 15:07:47 +0000 2024
SATMX|"Conoce los requisitos para renovar tu e.firma si venció hace menos de un año. Ingresa a https://t.co/JfFxMkG8gY https://t.co/zxS5EstTuL"|Tue Dec 05 16:04:02 +0000 2023
SATMX|"Si eres persona física, conoce los detalles para inscribirte al RFC a través de Oficina Virtual, sin acudir a una oficina. 

Registra tu cita en https://t.co/HtlAkjaD9d https://t.co/6yG68ggYTc"|Wed Jun 12 19:25:21 +0000 2024
SATMX|"Obtén tu Constancia de Situación Fiscal a través de SAT ID. 

Consulta los requisitos e ingresa a https://t.co/JfFxMkG8gY https://t.co/Qy9vNdFkQk"|Wed Dec 13 16:03:13 +0000 2023
SATMX|"#ComunicadoSAT

El SAT informa que de enero a julio de 2024 la recaudación tributaria alcanzó 2 billones 943 mil 846 millones de pesos, lo que representa un incremento de 296 mil 339 millones de pesos, en comparación con el mismo periodo de 2023, es decir, un crecimiento real de https://t.co/HOSKvor6Ox"|Mon Aug 19 17:06:51 +0000 2024
SATMX|"Hoy, hace 27 años, iniciamos funciones como organismo encargado de recaudar las contribuciones del país. 

Este 1 de julio, celebramos ser parte de la transformación de México que contribuye a una sociedad más justa y equitativa. 

Contribuimos al bienestar de México https://t.co/mzezrBNx0K"|Mon Jul 01 15:47:32 +0000 2024
SATMX|"El Presidente de México, @lopezobrador_ presentó la propuesta de 20 reformas constitucionales que enviará al Congreso de la Unión.  

La número nueve establece: 
“Penalizar con severidad el delito fiscal ejercido por la delincuencia de cuello blanco mediante el uso de las https://t.co/OJiQHBnDwL"|Tue Feb 06 01:38:13 +0000 2024
SATMX|Si perteneces al RIF y este año cumples 10 años de tributar bajo este régimen, conoce cómo presentar tu aviso de actualización de obligaciones fiscales en https://t.co/KxzxGDnsNu https://t.co/V7zD5BPqSc|Fri Mar 01 18:09:24 +0000 2024
SATMX|"#ComunicadoSAT

El SAT y la @SRE_mx firmaron un convenio para que las y los mexicanos que viven en el exterior puedan inscribirse al RFC desde cualquier parte del mundo por medio de Oficina Virtual. 

Al respecto el jefe del SAT sostuvo que, como institución integrante de la https://t.co/BO3AgkxtRZ"|Wed May 22 22:41:02 +0000 2024
SATMX|"#ComunicadoSAT 

El SAT informa que la recaudación tributaria en el primer cuatrimestre de 2024 alcanzó un billón 766 mil 612 millones de pesos, cifra que cumplió la meta proyectada en la Ley de Ingresos de la Federación (LIF), al recaudar el 100.1 por ciento. 

Estos resultados https://t.co/sUwJyvkBvV"|Mon May 13 15:35:59 +0000 2024
SATMX|"#ComunicadoSAT 

El SAT recuerda a las Donatarias Autorizadas presentar su declaración anual a más tardar el 15 de febrero, en la cual deben informar acerca de sus ingresos obtenidos y de las erogaciones efectuadas.

Para más información, visita el Portal del SAT https://t.co/BhTPgK5swA"|Tue Feb 13 17:25:54 +0000 2024
SATMX|"Toma en cuenta que, en caso de obtener impuestos a pagar en tu declaración, puedes realizar el pago hasta en seis parcialidades.

Para más información, visita el minisitio en https://t.co/S6AbFC6GJ2 

#Declara2023 https://t.co/MPMENw6PCY"|Mon Apr 22 23:16:37 +0000 2024
SATMX|"#ComunicadoSAT 

El SAT informa que no se suspenderá la atención presencial en las oficinas del país durante el periodo vacacional del 18 de diciembre al 2 de enero. 

Asimismo, recuerda a los contribuyentes la opción de realizar trámites a través de las herramientas digitales https://t.co/1lAufXr8vB"|Thu Dec 14 17:06:21 +0000 2023
SATMX|"#Declara2023

Conoce las opciones para verificar la vigencia de tu e.fima. Recuerda que es necesaria para presentar tu Declaración Anual 2023 de personas físicas, solo si tu saldo a favor es superior a 10 mil pesos o cambias tu cuenta CLABE.

Para más información, visita el https://t.co/VWvMzJ1Kzc"|Tue Apr 16 23:24:40 +0000 2024
SATMX|@hugoacost1 Buen día, el IVA debe estar incluido en el costo al público, sin importar si solicitas o no factura, en este caso puedes presentar la denuncia correspondiente en: https://t.co/pWXLHq4mIs, saludos.|Thu Oct 19 16:11:27 +0000 2023
SATMX|"Si percibes ingresos por sueldos y salarios o asimilados a estos, conoce los usos del CFDI que puedes utilizar cuando te emitan una factura.

Para más información, visita https://t.co/jgdoMpGPIO https://t.co/S3YqTasOKF"|Tue Aug 06 16:44:09 +0000 2024
SATMX|"#ComunicadoSAT 

El SAT reconoce a las personas físicas y morales que presentaron su Declaración Anual del ejercicio 2023.

Asimismo, informa que el incremento en la presentación de declaraciones responde a una cultura contributiva cada vez más arraigada en la sociedad mexicana, https://t.co/hkivOD3rP9"|Thu May 09 17:35:18 +0000 2024
SATMX|"Conoce los pasos para habilitar tu Buzón Tributario, recuerda registrar al menos dos medios de contacto. 

Solo necesitas tu Contraseña o e.firma vigente. 

Conoce más información en https://t.co/3cTH3q8K7N https://t.co/rBByMgCsBW"|Thu Dec 28 16:03:22 +0000 2023
SATMX|"#ComunicadoSAT

El SAT invita a las personas físicas que están por iniciar su vida laboral a inscribirse en el RFC.

Para hacerlo deben registrar su cita en https://t.co/HtlAkjaD9d

Consulta más información en https://t.co/ipA3glv6e7 https://t.co/dMRhEHfnDu"|Mon May 06 18:29:55 +0000 2024
SATMX|"#ComunicadoSAT 

El SAT informa que, hasta el 31 de marzo, se encuentra disponible el Simulador para la Declaración Anual 2023 de personas físicas, herramienta que permite verificar el prellenado de ingresos, gastos, deducciones autorizadas y personales, retenciones, pagos https://t.co/4E6R3nbj3p"|Mon Mar 25 17:57:10 +0000 2024
SATMX|"#ComunicadoSAT

El SAT informa que, con motivo de la Declaración Anual 2023 de personas físicas, se amplía el horario de atención en las oficinas del SAT de 8:30 a 18:00, del 17 al 30 de abril.  

Para registrar tu cita, ingresa a https://t.co/HtlAkjaD9d

#Declara2023 https://t.co/iD2CtgxIAI"|Wed Apr 17 18:00:53 +0000 2024
SATMX|"#ComunicadoSAT 

El SAT informa que de enero a julio de 2023 la inscripción al RFC incrementó 135% en comparación al mismo periodo del año anterior. 

Asimismo, da orientación para que personas físicas y morales se incorporen al registro. https://t.co/5tzutn4UXG"|Mon Sep 18 16:00:28 +0000 2023
SATMX|"#ComunicadoSAT 

El SAT recuerda a las personas físicas que los pagos por colegiaturas y por transporte escolar, cuando este sea obligatorio, son conceptos deducibles en la declaración anual. Para ello, deben solicitar factura a la institución educativa con el complemento de https://t.co/l9LYR21nve"|Mon Aug 26 17:24:46 +0000 2024
SATMX|"#ComunicadoSAT

El SAT informa que identificó importaciones irregulares de empresas de paquetería y mensajería, por lo cual publicó la Primera Modificación al Anexo 5 de las Reglas Generales de Comercio Exterior para 2024, en la que se dan a conocer cuáles son las prácticas https://t.co/xdEyTwfXUD"|Thu May 30 18:50:01 +0000 2024
SATMX|"#ComunicadoSAT 

El SAT informa que en julio de 2024 realizó el embargo precautorio de un millón 401 mil 491 piezas provenientes de China, cuyo valor aproximado es de 418 millones de pesos.

Como parte de las acciones contempladas en el Plan Maestro 2024, el SAT instaló 91 puntos https://t.co/8PR7fdCp6W"|Mon Aug 12 17:17:13 +0000 2024
SATMX|"#ComunicadoSAT 

El SAT recuerda a los contribuyentes que pueden deducir gastos personales al presentar su Declaración Anual. 

Para más información, ingresa al Visor de deducciones personales en:
https://t.co/I04b6cu2mi

#Declara2023 https://t.co/xJsnk4Ptfb"|Wed Apr 10 18:00:27 +0000 2024
SATMX|"Presenta a tiempo tu declaración provisional o definitiva.

Identifica la fecha límite de pago, según el sexto dígito numérico de tu RFC. https://t.co/Fl58EBE5We"|Tue Aug 13 16:15:26 +0000 2024
SATMX|"#ComunicadoSAT

El SAT recuerda que contar con Buzón Tributario habilitado y medios de contacto actualizados es una obligación fiscal. 

El anterior es un canal de comunicación que tiene como objetivo simplificar la notificación de actos administrativos y el envío de mensajes de https://t.co/Ma5pFQcHnl"|Tue Dec 26 17:29:31 +0000 2023
SATMX|"#ComunicadoSAT 

El SAT recuerda a las personas físicas que tributan en el Régimen Simplificado de Confianza, los requisitos y obligaciones que deben cumplir para continuar con los beneficios que ofrece dicho régimen. 

En caso de requerir orientación, pueden llamar a MarcaSAT al https://t.co/ceJdK020Ms"|Mon Jan 08 17:10:25 +0000 2024
SATMX|"#ComunicadoSAT 

El SAT informa que en la nueva versión de la aplicación Factura SAT Móvil es posible emitir facturas electrónicas con complemento Carta Porte de servicios de autotransporte a través de dispositivos móviles.

La versión 2.0 de Factura SAT Móvil está disponible https://t.co/Y3tmhociWr"|Thu Jan 18 17:49:40 +0000 2024
SATMX|"#ComunicadoSAT 

El SAT informa que del 1 de enero al 1 de abril, las personas morales pueden presentar su Declaración Anual 2023. 

Asimismo, da a conocer las actualizaciones y mejoras para facilitar la presentación de las mismas. https://t.co/1uNJnZE8L2"|Thu Jan 04 17:09:25 +0000 2024
SATMX|"Conoce la forma y plazos para emitir las facturas que amparan los pagos en parcialidades o diferidos que recibes. 

Para más información, visita https://t.co/jgdoMpGhTg https://t.co/vhJpIcHOFz"|Tue Jul 30 18:02:01 +0000 2024
SATMX|"#ComunicadoSAT 
El SAT alerta sobre sitios falsos que buscan suplantar la identidad de la autoridad tributaria y hace un recordatorio de los medios de comunicación oficiales. https://t.co/WYcUi9L6Ky"|Thu Oct 12 16:01:22 +0000 2023
SATMX|"#ComunicadoSAT 

El SAT recuerda a las personas morales que se encuentren en proceso de liquidación, que deben presentar su declaración antes del 17 de enero. 

Para mayor información, pueden visitar el minisitio en 
https://t.co/6i09bZPM13 https://t.co/usgpUZBTR8"|Wed Jan 10 17:01:44 +0000 2024
SATMX|"#ComunicadoSAT
El SAT informa que, a partir de mañana y hasta nuevo aviso, modificará sus horarios de 10:00 a 16:00 horas en los Módulos de Servicios Tributarios de Guamúchil, Guasave y Los Mochis, debido a las condiciones climáticas. https://t.co/g38fAtFQAG"|Mon Oct 23 03:09:07 +0000 2023
SATMX|"#ComunicadoSAT
El SAT da a conocer que, para la emisión de facturas, los contribuyentes únicamente deben proporcionar: RFC, nombre o razón social, código postal del domicilio fiscal y el uso fiscal que se le dará al comprobante. 

Asimismo, señala como prácticas fiscales https://t.co/1K4etmnzYS"|Wed Oct 18 22:05:13 +0000 2023
SATMX|"#Declara2023

Conoce cómo renovar tu e.firma, recuerda que es necesaria para presentar tu Declaración Anual 2023 de personas físicas, solo si tu saldo a favor es superior a 10 mil pesos o cambias tu cuenta CLABE.

Para más información, visita el minisitio en https://t.co/4YIZ5bfMyB"|Thu Apr 18 16:36:33 +0000 2024
SATMX|"#ComunicadoSAT 

El SAT informa que de enero a mayo la recaudación tributaria fue de 2 billones 130 mil 565 millones de pesos, monto que superó 100.2% de la cifra proyectada por la Ley de Ingresos de la Federación para el Ejercicio Fiscal de 2024. https://t.co/wdt9ZVdacI"|Mon Jun 10 16:22:43 +0000 2024
SATMX|"Si eres persona física RESICO, conoce las retenciones que debes incluir cuando realices actividades con personas morales.

#CFDI https://t.co/t3sIyVjiCn"|Tue Aug 20 16:00:36 +0000 2024
SATMX|"#ComunicadoSAT 

El SAT informa que, al cierre de 2023, la recaudación tributaria acumulada alcanzó 4 billones 517 mil 730 millones de pesos, lo que representa un crecimiento real de 12.3% respecto a 2022.

A lo largo del sexenio, los ingresos tributarios pasaron de 3 billones a https://t.co/SbLKipr1mx"|Mon Jan 15 15:06:20 +0000 2024
SATMX|El SAT reconoce a las personas físicas y morales que presentaron su Declaración Anual 2023. https://t.co/rZan04WNBz|Fri May 10 19:07:46 +0000 2024
SATMX|"#ComunicadoSAT

El SAT informa que a partir del 1 de agosto se abren cinco nuevas oficinas de atención, con el objetivo de ampliar la cobertura de servicios a los contribuyentes. 

En cumplimiento con el Plan Maestro 2024, el SAT fortalece la capacidad de atención y garantiza una https://t.co/nLVyx6W2k2"|Mon Jul 29 23:01:17 +0000 2024
SATMX|"Recuerda que hoy es la fecha límite para presentar tu Declaración Anual 2023 de personas morales.

Para más información, visita el minisitio en https://t.co/F4ggm3YzPD

#Declara2023 https://t.co/janLWkW9Pt"|Mon Apr 01 21:00:08 +0000 2024
SATMX|"#ComunicadoSAT 

El SAT informa que los ingresos presupuestarios netos de México en 2022 representaron 24.5% del PIB, una proporción que ubicaría al país al nivel de naciones como Suiza o Costa Rica.

Cabe destacar que en México los recursos presupuestarios se obtienen de los https://t.co/7dHmsGRFGd"|Mon Jul 01 17:04:14 +0000 2024
SATMX|"#Declara2023

Conoce y utiliza las herramientas de apoyo para presentar tu Declaración Anual 2023 de personas físicas.

Para más información, ingresa al minisitio en https://t.co/S6AbFC6GJ2 https://t.co/lZebWoxXfp"|Fri Apr 12 16:34:50 +0000 2024
SATMX|"#ComunicadoSAT

El SAT informa que, en lo que va de la administración, se han recaudado 3.4 billones de pesos por auditorías y promoción de cumplimiento, lo que representa 2.2 billones de pesos más que en el sexenio anterior, es decir, un crecimiento real de 113.4 por ciento. https://t.co/0IFc9q3p0K"|Tue Jul 23 16:59:53 +0000 2024
SATMX|"Prepárate para tu Declaración Anual 2023 de personas físicas.

Ingresa al Simulador y verifica el prellenado de ingresos, gastos, deducciones autorizadas y personales, retenciones, pagos provisionales, así como saldos a favor, en caso de existir.

Solo necesitas tu RFC y https://t.co/xNw9R4vAvu"|Wed Mar 27 17:18:49 +0000 2024
SATMX|"Presenta tu Declaración Anual 2023 de personas físicas. Consulta los canales de atención disponibles para recibir orientación o resolver dudas.

Si requieres atención presencial, registra tu cita en https://t.co/HtlAkjaD9d 

Para mayor información, ingresa al minisitio en https://t.co/raGbig9ncK"|Thu Apr 04 16:35:59 +0000 2024
SATMX|"Presenta tu Declaración Anual 2023 de personas físicas, tienes hasta el 30 de abril.

Consulta los videotutoriales disponibles en https://t.co/FbBuZbadfQ 

#Declara2023 https://t.co/RQt4uWnz2K"|Tue Apr 09 18:14:16 +0000 2024
SATMX|"#Declara2023

Ingresa al minisitio Declaración Anual 2023 de personas físicas y consulta toda la información necesaria para presentarla del 1 al 30 de abril.

https://t.co/S6AbFC6GJ2 https://t.co/w3iS6jpBZ5"|Tue Apr 02 15:13:45 +0000 2024
SATMX|"#ComunicadoSAT

El SAT informa que en el primer semestre de 2024 la recaudación tributaria alcanzó 2 billones 526 mil 306 millones de pesos, cifra que superó la meta presupuestada en la Ley de Ingresos de la Federación para los primeros seis meses del año.

Lo anterior es gracias https://t.co/QLEAPOaRao"|Mon Jul 08 18:31:55 +0000 2024
SATMX|"Si eres persona física, conoce las retenciones que debes incluir cuando realices actividades con personas morales.

#CFDI https://t.co/kso35xNbie"|Wed Aug 14 16:35:56 +0000 2024
SATMX|"Recuerda que hoy 30 de abril es la fecha límite para presentar tu Declaración Anual 2023 de personas físicas. 

Para más información, visita el minisitio en https://t.co/S6AbFC6GJ2 https://t.co/IVfIyt1PDS"|Tue Apr 30 16:00:29 +0000 2024
SATMX|"Presenta tu Declaración Anual 2023 de personas físicas, consulta los requisitos. 

Para más información, ingresa al minisitio: https://t.co/S6AbFC6GJ2

#Declara2023 https://t.co/iBfUHyqFyP"|Wed Apr 03 21:02:09 +0000 2024
SATMX|Los resultados son gracias al compromiso de las y los contribuyentes por cumplir con sus obligaciones fiscales, tales como la Declaración Anual del ejercicio 2023. https://t.co/Yj4plKG37h|Tue May 14 21:49:15 +0000 2024
SATMX|En conferencia matutina, el presidente @lopezobrador_ informó que al 18 de junio de 2024 los ingresos tributarios alcanzaron 2 billones 464 mil 914 millones de pesos, lo que representa un incremento de 15.9% real en comparación con el mismo periodo del año anterior. https://t.co/JpYaZ5vDXE|Wed Jun 19 17:10:04 +0000 2024
SATMX|"Presenta tu Declaración Anual 2023 de personas físicas, tienes hasta el 30 de abril.

Conoce los gastos que pueden ser considerados como deducciones personales en tu declaración.

Para más información, consulta el minisitio en https://t.co/S6AbFC6GJ2

#Declara2023 https://t.co/y9rErpAbEi"|Thu Apr 11 17:59:02 +0000 2024
SATMX|"#ComunicadoSAT

El SAT informa que de enero a agosto de 2024 se obtuvieron 191 mil 506 millones de pesos por eficiencia recaudatoria, lo que significa un aumento de 133.7% respecto al mismo periodo de 2018 y 5.9% en términos reales comparado con el mismo periodo del año pasado. https://t.co/tX3JeEAQNt"|Tue Sep 17 18:40:39 +0000 2024
SATMX|"#ComunicadoSAT

El SAT informa que el periodo de convivencia entre las versiones 2.0 y 3.0 del complemento Carta Porte se extiende al 31 de marzo de 2024.

Asimismo, recuerda que el 31 de diciembre de 2023 concluyó la prórroga para la no aplicación de multas y sanciones, que para https://t.co/dVeq1Nzzji"|Tue Jan 02 18:00:20 +0000 2024
SATMX|"#ComunicadoSAT 

El SAT informa que, de enero a diciembre de 2023 se emitieron más de 10 mil 323 millones de facturas, lo que significa un promedio de 327 comprobantes por segundo.

La autoridad tributaria agradece el esfuerzo de los contribuyentes y reitera su compromiso de https://t.co/ZmGQw4k2Oy"|Thu Feb 29 17:13:26 +0000 2024
SATMX|"#Declara2023

Conéctate a la transmisión en vivo de Declaracion Anual 2023 de personas físicas y resuelve tus dudas. 

Mañana 25 de abril a las 17:00 horas, a través de nuestro canal de YouTube. https://t.co/8Dk6yHx5Tb"|Wed Apr 24 23:12:37 +0000 2024
SATMX|"¡No te dejes engañar!

Conoce e identifica los canales oficiales del SAT.

En caso de detectar un sitio, usuario o correo falso, envía tu denuncia a denuncias@sat.gob.mx https://t.co/ZyZkOcYR3l"|Wed May 15 18:08:33 +0000 2024
SATMX|"El jefe del SAT, Antonio Martínez Dagnino, agradece la confianza de la presidenta electa, Claudia Sheinbaum Pardo @ClaudiaShein, para continuar al frente de la institución. 

El SAT seguirá trabajando con honestidad y empeño para fortalecer la recaudación y dar la mejor atención"|Fri Sep 13 00:24:51 +0000 2024
SATMX|@JorgexMexico Buen día, la factura se debe expedir por el monto total de la operación incluyendo la tasa de IVA correspondiente de acuerdo al servicio brindado, sin solicitarte un pago adicional por la emisión del CFDI y condicionarte a realizar el pago en efectivo ya que se trata de una...|Mon Jun 10 21:54:11 +0000 2024
SATMX|"@ggfv_gabacha81 el IVA debe estar incluido en el precio del producto, solicites o no factura,  en caso de que te la nieguen puedes presentar una solicitud de ""Conciliación de Factura"" en: https://t.co/WVzNG4BB9X, saludos."|Wed Jun 19 15:21:16 +0000 2024
SATMX|@pakofuentes2 Buen día, no proceden retenciones de IVA por servicios prestados como actividad empresarial, saludos.|Thu Aug 15 22:13:48 +0000 2024
SATMX|@gerardo_toledo Buen día, si se trata de honorarios médicos podrás aplicarlos como deducción; en cuanto al IVA, se considera exento siempre y cuando sean proporcionados por médicos con cédula profesional, saludos.|Tue Aug 06 23:48:16 +0000 2024
SATMX|@Transformacin7 Por la fecha en la que realizaste la actualización de tus obligaciones, la declaración de IVA correspondiente al periodo de junio se debió presentar como pago definitivo, por ello, es necesario que la presentes de forma correcta y en cuanto a la declaración...|Fri Jul 26 18:14:08 +0000 2024
SATMX|@AmargaYMamona Buen día, en términos de la ficha de tramite 16/ISR del anexo 1-A de la Resolución Miscelánea Fiscal para 2024, el tiempo máximo de respuesta por parte de la autoridad es de 3 meses, agradecemos estés al pendiente de la resolución de tu tramite, saludos.|Fri Aug 30 15:49:36 +0000 2024
SATMX|@fugioco Buen día, recuerda que el RESICO, no cuenta con deducciones personales ni deducciones autorizadas, debido a las tasas reducidas de ISR que se aplican, saludos.|Tue Aug 27 17:52:39 +0000 2024
SATMX|@bernie0343 Buen día, este producto se encuentra gravado a la tasa del 0% de IVA, saludos.|Thu Jun 27 15:10:16 +0000 2024
SATMX|@asi_lo_veo Puedes consultar las retenciones de IVA en el artículo 1o.A- de la Ley del Impuesto al Valor Agregado, saludos.|Wed Aug 14 16:56:55 +0000 2024
SATMX|@FernandoAlaan Buen día, a fin de orientarte, ¿podrías indicarnos si cuentas con el estímulo de IVA de la región fronteriza?, quedamos atentos.|Mon Jul 15 18:24:54 +0000 2024
SATMX|@FernandoAlaan En este caso, ¿podrías indicarnos si eres persona física o moral y si cuentas con el estimulo de IVA de la región fronteriza?, quedamos atentos.|Mon Jul 15 21:30:18 +0000 2024
SATMX|@cpangelgg Buen día, en este caso, al ser un producto destinado a la alimentación humana estaría gravado a tasa 0%, ya que no esta entre los productos exceptuados de dicha tasa, conforme al articulo 2°-A de la ley del IVA, saludos.|Wed Jun 05 15:48:38 +0000 2024
SATMX|@DavidcruzCp Buen día, puedes fundamentarlo en el artículo 264 párrafo segundo del Reglamento de la ley del ISR, así como la guía de llenado de los comprobantes fiscales de la versión 4.0, así como el minisitio de Declaración Anual, al cual podrás acceder en: https://t.co/VnDfAgYFcn, saludos.|Thu May 30 16:41:08 +0000 2024
SATMX|@isr_mendoza es necesario que te dirijas ante la autoridad correspondiente en: https://t.co/hYZArvqgbk, en el apartado “Contacto”, saludos.|Tue May 28 15:59:38 +0000 2024
SATMX|@isr_mendoza Buen día, si la persona moral generó una utilidad fiscal y no efectúo el reparto de PTU, ante nosotros puedes presentar tu denuncia ingresando a https://t.co/QtCEdqviMs, así mismo...|Tue May 28 15:59:30 +0000 2024
SATMX|@CesarOj14 Buen día, la factura debe emitirse por el momento total de la operación incluyendo el IVA aplicable de acuerdo al servicio o producto que te proporcionaron sin solicitar el pago adicional de IVA por la emisión de la factura, saludos.|Tue May 21 21:22:00 +0000 2024
SATMX|@MiocidGto Buen día, es necesario que valides la información que el aplicativo te indica respecto a ISR, saludos.|Thu Apr 25 15:07:06 +0000 2024
SATMX|@montse90529548 Buen día, si el servicio que se te brindó grava IVA, se debe incluir en la factura correspondiente, saludos.|Thu May 02 17:53:58 +0000 2024
SATMX|@cpjorgem_cfc Buen día, la prestación de servicios profesionales de medicina se encuentra exenta de gravar IVA, saludos.|Tue May 14 23:43:21 +0000 2024
SATMX|@montse90529548 Buen día, en este caso recuerda que conforme a lo que establece el artículo 15 fracción XIV, de la ley de IVA, los servicios de medicina estarán exentos, siempre que sean...|Mon Apr 29 22:21:21 +0000 2024
SATMX|@AlejandroVZEZ Buen día, para efectos de ISR no se consideran para el monto de ingresos de dicho régimen, el ingreso por dicha enajenación, saludos.|Tue Apr 30 18:46:19 +0000 2024
SATMX|@VeroSanz3 Buen día, la declaración anual de ISR, se presenta únicamente en el portal del SAT, en su caso, podrías indicarnos, a que declaración te refieres, quedamos al pendiente.|Mon Apr 29 22:09:43 +0000 2024
SATMX|@MarcosRodDlt Por la prestación de servicios como actividad empresarial no se realiza retención de ISR, si se trata de prestación de servicios profesionales, la retención de ISR es al 10% puedes validarla en el penúltimo párrafo del artículo 106 de la LISR, saludos.|Wed May 22 17:57:16 +0000 2024
SATMX|@asi_lo_veo En este caso la retención de IVA será de las 2/3 partes, puedes validarlo en el artículo 3 del Reglamento de La Ley del Impuesto al Valor Agregado, fracción I, inciso C, saludos.|Wed Aug 14 18:01:46 +0000 2024
SATMX|@DanielHjefe1304 Buen día, puedes indicarnos si te refieres a la declaración anual de ISR o si te refieres a la declaración patrimonial, ya que esta última se presenta ante una autoridad distinta al SAT, quedamos al pendiente.|Fri Aug 02 15:55:10 +0000 2024
SATMX|@valentina281879 en cuanto a IVA, efectuaran la retención de las dos terceras partes si prestas servicios personales independientes u otorgas el uso o goce temporal de bienes, saludos.|Thu Aug 15 16:59:45 +0000 2024
SATMX|@Budahavuelto Buen día, independientemente de que solicites o no tu factura, si el bien o servicio que adquiriste no se encuentra exento de IVA, este deberá aplicarse sobre el precio de la contraprestación, saludos.|Wed Sep 11 20:21:02 +0000 2024
SATMX|@emedelr Buen día, la factura debe emitirse por el monto total de la operación desglosándose el IVA de acuerdo al servicio que se te brindó, saludos.|Fri Sep 13 15:34:25 +0000 2024
SATMX|@zuculus Buen día, si el servicio que proporcionas a la persona moral requiere de un titulo profesional se efectuará la retención de ISR del 10% y las dos terceras partes de IVA, caso contrario, por el servicio profesional independiente únicamente aplicarás la retención de IVA, saludos.|Mon Jun 10 15:12:38 +0000 2024
SATMX|@MelSanTo2 Buen día, si te refieres al ISR, se debe aplicar la retención del 1.25%, en cuanto a IVA no se aplica retención, saludos.|Mon May 20 16:12:38 +0000 2024
SATMX|@roshuep Buen día, si la persona moral se constituyó en marzo del 2021, se encuentra obligada a presentar la declaración definitiva de IVA de dicho periodo, saludos.|Thu Aug 08 21:48:21 +0000 2024
SATMX|@Juliuschn1 Buen día, la retención de ISR se efectúa en base al ingreso que percibes, agradecemos valides dicha situación con tu empleador, saludos.|Tue Jun 04 15:27:50 +0000 2024
SATMX|@DanielMart31016 Buen día, los 3.5 millones que refieres son el límite de ingresos para tributar en el Régimen Simplificado de Confianza, la obligación de presentar declaración anual depende de la actividad económica que realices, saludos.|Tue Oct 29 21:41:34 +0000 2024
SATMX|@RBK60 Buen día, a fin de orientarte, ¿podrías indicarnos cuándo presentaste tu declaración anual y si presentaste el Formato Electrónico de Devolución?, quedamos atentos.|Tue Oct 29 18:11:22 +0000 2024
SATMX|@grclaudia7903 Buen día, primero valida la información de tu certificado ingresando a https://t.co/c2vwtTGt9W, si el mismo se encuentra activo, descárgalo nuevamente, recuerda que si eres persona física puedes enviar tu declaración con la contraseña del RFC, saludos.|Mon Oct 28 22:37:46 +0000 2024
SATMX|@jolusagu720428 Es necesario que valides los datos capturados en tu declaración, de acuerdo a la imagen que nos compartes el campo de ingresos acumulables se encuentra en ceros, tal como te indican en la respuesta a tu solicitud de devolución, así mismo, el saldo a favor se determina...|Fri Oct 25 22:46:21 +0000 2024
SATMX|@Fernando_Dot Buen día, si eres persona física, tributas en el Régimen Simplificado de Confianza y no realizas actividades económicas del sector primario, te encuentras relevado de presentar declaración anual del ejercicio 2024, saludos.|Wed Oct 23 23:55:27 +0000 2024
SATMX|@Mich_Lv Buen día, podrías indicarnos, en que régimen fiscal te encuentras tributando, que tipo de declaración y a qué periodo corresponde, quedamos a pendiente.|Tue Oct 22 19:47:58 +0000 2024
SATMX|@ad_cautelam1 En este caso, es necesario que consultes el acuse de tu declaración a fin de validar si la misma ya se encuentra presentada, saludos.|Mon Oct 21 19:47:39 +0000 2024
SATMX|@Aveces_Pancreas Buen día, agradecemos nos especifiques cuál es la declaración provisional a presentar y qué te indica el aplicativo, quedamos atentos.|Mon Oct 21 16:51:15 +0000 2024
SATMX|@miguel_cedeno_m Buen día, nuestro portal se encuentra funcionando de forma correcta, agradecemos nos especifiques cuál es la declaración provisional a presentar y qué te indica el aplicativo, quedamos atentos.|Mon Oct 21 16:39:51 +0000 2024
SATMX|"Presenta tu declaración provisional o definitiva.

Considera que, si el sexto dígito numérico de tu RFC es 1 o 2, tienes hasta el 17 de octubre más un día hábil.

Declaro y cumplo https://t.co/iELVlgNG1A"|Fri Oct 18 23:45:13 +0000 2024
SATMX|"Presenta a tiempo tu declaración provisional o definitiva. 

Recuerda identificar la fecha límite de pago, según el sexto dígito numérico de tu RFC. https://t.co/Nq5JVkv57g"|Thu Oct 17 23:15:47 +0000 2024
SATMX|@Al_exitocm En este caso, para que la información se actualice es necesario que presentes tu declaración complementaria del tipo “Obligación no presentada”, del periodo de agosto, saludos.|Thu Oct 17 16:39:10 +0000 2024
SATMX|@Al_exitocm En este caso, ¿podrías indicarnos si presentaste una declaración complementaria, efectuaste un pago y qué estatus tiene?, quedamos atentos.|Thu Oct 17 16:07:18 +0000 2024
SATMX|@AntonioDeXoch Buen día, a fin de orientarte, ¿podrías indicarnos qué régimen aparece en tu constancia de situación fiscal, qué declaración te estás solicitando y de qué periodo y ejercicio?, quedamos atentos.|Thu Oct 17 16:00:01 +0000 2024
SATMX|@bexsoft En este caso, ¿podrías especificarnos qué declaración estás presentando, de qué periodo y ejercicio se trata?, quedamos atentos.|Wed Oct 16 18:58:52 +0000 2024
SATMX|@aaronme87 Buen día, agradecemos nos especifiques cuál declaración es la que deseas presentar y en qué momento te indica la leyenda que refieres, quedamos atentos.|Wed Oct 16 15:03:10 +0000 2024
SATMX|@relativista De acuerdo a la imagen que nos compartes, tu declaración ya se encuentra presentada, saludos.|Tue Oct 15 18:19:26 +0000 2024
SATMX|@ErickAguilar22 Si estás realizando el envío de tu Declaración Informativa de Operaciones con Terceros (DIOT), es necesario que ingreses con la contraseña del RFC, saludos.|Mon Oct 14 17:05:17 +0000 2024
SATMX|@56seg Para enviar tu declaración es necesario que ingreses con tu contraseña del RFC, si ya validaste que se encuentra correcta, agradecemos ingreses a realizar tu trámite desde un navegador diferente, previa eliminación de cookies y archivos temporales, saludos.|Mon Oct 14 16:13:14 +0000 2024
SATMX|@ArturoA91455923 Buen día, en este caso te encuentras obligado a presentar tu declaración provisional en ambos regímenes, a fin de orientarte, ¿podrías especificarnos cual es el error que te aparece?, quedamos atentos|Mon Oct 14 15:40:15 +0000 2024
SATMX|@IFFJUANRENTERIA Buen día, a fin de orientarte ¿podrías indicarnos en qué régimen fiscal tributas, qué declaración estás presentando y cuál es el mensaje que te arroja?, quedamos atentos.|Fri Oct 11 19:30:43 +0000 2024
SATMX|@Juanelo2501 Buen día, si te refieres a tu declaración anual, deberás presentar una declaración complementaria por Modificación de la Declaración, a fin de que se actualice tu información y se genere una nueva línea de captura, saludos.|Mon Oct 07 19:35:05 +0000 2024
SATMX|@musicamax Buen día, en términos de la regla 3.13.7. de la la cuarta versión anticipada de la 2° Resolucion de Modificaciones a la Resolucion Miscelanea Fiscal para 2024, si te encuentras en el supuesto mencionado, quedaras relevado de presentar la declaración anual, saludos.|Mon Oct 07 17:40:28 +0000 2024
SATMX|@caobaservice Buen día, en términos de la regla 3.13.7. de la cuarta versión anticipada de la 2° Resolución de Modificaciones a la Resolución Miscelánea Fiscal para 2024, la facilidad de no presentar la declaración anual es únicamente para personas físicas, saludos.|Mon Oct 07 16:46:28 +0000 2024
SATMX|@bAnDoNaO_83 Buen día, recuerda que podrás solicitar los saldos a favor que se determinen en tu declaración mensual a partir del mes de diciembre de 2024, saludos.|Mon Oct 07 15:20:26 +0000 2024
SATMX|@baronPowerPlay por no presentar declaración anual dentro del Régimen Simplificado de Confianza; si no finalizaste el ejercicio tributando en el régimen de sueldos y salarios, deberás presentar la declaración anual de dicho régimen, saludos.|Fri Oct 04 22:45:40 +0000 2024
SATMX|@MxicoTecnolgic1 Buen día, en su caso, puedes presentar tu declaración anual con tu Contraseña del RFC, no siendo estrictamente necesario contar con la e.firma para realizar dicho trámite, saludos.|Fri Oct 04 19:01:08 +0000 2024
SATMX|@Manubedolla podrás optar por no presentar declaración anual, saludos.|Fri Oct 04 17:19:42 +0000 2024
SATMX|@ItzelRo93658726 El presente comunicado es relacionado al ejercicio 2024, si en tu declaración anual del ejercicio 2023 se te determino un saldo a favor, podrás solicitarlo presentando el Formato Electrónico de Devolución con tu e.firma en: https://t.co/IRyRvRDZw3, saludos.|Fri Oct 04 17:17:19 +0000 2024
SATMX|@Faby8934 podrás optar por no presentar declaración anual, saludos.|Fri Oct 04 16:39:18 +0000 2024
SATMX|@paydelimon55 podrás optar por no presentar declaración anual, saludos.|Fri Oct 04 15:54:27 +0000 2024
SATMX|@Leruizv Buen día, como refieres el servicio se encuentra en mantenimiento, agradecemos realices el envío de tu declaración una vez que se restablezca el servicio, saludos.|Wed Oct 02 23:22:17 +0000 2024
SATMX|@LETTYSOTTO Buen día, agradecemos realices el envío de tu declaración ingresando desde un navegador diferente, previa eliminación de cookies y archivos temporales, saludos.|Thu Sep 26 19:31:52 +0000 2024
SATMX|@reh1509 Buen día, si no lograste enviar tu declaración, agradecemos elimines el formulario en el que te encuentras trabajando, e ingreses nuevamente, previa limpieza de historial, cookies y archivos temporales, saludos.|Thu Sep 26 15:04:45 +0000 2024
SATMX|@erikalopeza2011 Buen día, valida que el navegador que estés utilizando para la presentación de tu declaración bimestral, tenga activadas las ventanas emergentes, saludos.|Wed Sep 25 20:34:40 +0000 2024
SATMX|@MuCeska15 Buen día, el portal se encuentra brindado servicio, realiza el envío de tu declaración en: https://t.co/ekt1qumU7U, ingresado desde un navegador diferente, previa eliminación de cookies y archivos temporales, saludos.|Wed Sep 25 15:54:41 +0000 2024
SATMX|@2RuedasMagicas Buen día, el portal se encuentra brindado servicio, realiza el envío de tu declaración en: https://t.co/ekt1qumU7U, ingresado desde un navegador diferente, previa eliminación de cookies y archivos temporales, saludos.|Wed Sep 25 15:47:32 +0000 2024
SATMX|@CuteOro El portal se encuentra brindando servicio, realiza el envío de tu declaración ingresando desde un navegador diferente, previa eliminación de cookies y archivos temporales, saludos.|Tue Sep 24 22:58:37 +0000 2024
SATMX|@CuteOro Buen día, es necesario que generes un nuevo archivo y realices nuevamente el envío de tu declaración, saludos.|Tue Sep 24 22:47:35 +0000 2024
SATMX|@jan_lc El portal se encuentra brindado servicio, realiza el envío de tu declaración en: https://t.co/ekt1qunrXs, ingresado desde un navegador diferente, previa eliminación de cookies y archivos temporales, saludos.|Mon Sep 23 18:25:03 +0000 2024
SATMX|@bobthetechie Buen día, agradecemos ingreses a presentar tu declaración desde un navegador diferente, previa eliminación de cookies y archivos temporales, saludos.|Thu Sep 19 16:52:21 +0000 2024
SATMX|@clauslunvi Buen día, agradecemos ingreses a presentar tu declaración desde un navegador diferente, previa eliminación de cookies y archivos temporales, saludos.|Thu Sep 19 16:49:09 +0000 2024
SATMX|@solracmora Buen día, agradecemos ingreses a presentar tu declaración desde un navegador diferente, previa eliminación de cookies y archivos temporales, saludos.|Thu Sep 19 15:58:40 +0000 2024
SATMX|@BrendaE63776885 Buen día, agradecemos ingreses a presentar tu declaración desde un navegador diferente, previa eliminación de cookies y archivos temporales, saludos.|Thu Sep 19 15:55:56 +0000 2024
SATMX|@eazul20 Buen día, agradecemos ingreses a presentar tu declaración desde un navegador diferente, previa eliminación de cookies y archivos temporales, saludos.|Thu Sep 19 15:54:49 +0000 2024
SATMX|@KennyBarajas Buen día, a fin de orientarte ¿podrías indicarnos qué declaración te encuentras presentando y cuál es el mensaje que te arroja?, quedamos atentos.|Thu Sep 19 15:51:32 +0000 2024
SATMX|@dary Buen día, si continúas con la misma situación, presenta tu declaración ingresando desde otro navegador, previa eliminación de cookies y archivos temporales, saludos.|Thu Sep 19 15:32:39 +0000 2024
SATMX|@Desantiagomx Buen día, si continúas con la misma situación, presenta tu declaración ingresando desde otro navegador, previa eliminación de cookies y archivos temporales, saludos.|Thu Sep 19 15:30:30 +0000 2024
SATMX|@mu24p8 Buen día, si continúas con la misma situación, presenta tu declaración ingresando desde otro navegador, previa eliminación de cookies y archivos temporales, saludos.|Thu Sep 19 15:27:04 +0000 2024
SATMX|@AnaFlores441319 Buen día, si continúas con la misma situación, agradecemos ingreses nuevamente a presentar tu declaración, saludos.|Thu Sep 19 15:25:18 +0000 2024
SATMX|@Patsy_CG Buen día, si continúas con la misma situación, agradecemos ingreses nuevamente a presentar tu declaración, saludos.|Thu Sep 19 15:24:12 +0000 2024
SATMX|@estrada_mar Buen día, si continúas con la misma situación, presenta tu declaración ingresando desde otro navegador, previa eliminación de cookies y archivos temporales, saludos.|Thu Sep 19 15:23:31 +0000 2024
SATMX|@effect_go Buen día, si continúas con la misma situación, presenta tu declaración ingresando desde otro navegador, previa eliminación de cookies y archivos temporales, saludos.|Thu Sep 19 15:22:31 +0000 2024
SATMX|@BECKYRAMOSPEDRA Buen día, si continúas con la misma situación, presenta tu declaración ingresando desde otro navegador, previa eliminación de cookies y archivos temporales, saludos.|Thu Sep 19 15:21:36 +0000 2024
SATMX|@Reynel0101 Buen día, si continúas con la misma situación, agradecemos ingreses nuevamente a presentar tu declaración, saludos.|Thu Sep 19 15:20:29 +0000 2024
SATMX|@cpmanolo Buen día, si continúas con la misma situación, presenta tu declaración ingresando desde otro navegador, previa eliminación de cookies y archivos temporales, saludos.|Thu Sep 19 15:19:12 +0000 2024
SATMX|@IFFJUANRENTERIA Buen día, agradecemos ingreses a presentar tu declaración en el transcurso del día, saludos.|Wed Sep 18 20:57:06 +0000 2024
SATMX|@Carmen_uyeda Buen día, agradecemos ingreses a presentar tu declaración en el transcurso del día, saludos.|Wed Sep 18 20:44:44 +0000 2024
SATMX|@ALIRO64 Buen día, agradecemos ingreses a presentar tu declaración en el transcurso del día, saludos.|Wed Sep 18 20:41:11 +0000 2024
SATMX|@EstebanRuiz25 Buen día, agradecemos ingreses a presentar tu declaración en el transcurso del día, saludos.|Wed Sep 18 20:25:40 +0000 2024
SATMX|@ALIRO64 Buen día, agradecemos ingreses a presentar tu declaración en el transcurso del día, saludos.|Wed Sep 18 20:23:09 +0000 2024
SATMX|@LuzLhm13 Buen día, agradecemos ingreses a presentar tu declaración en el transcurso del día, saludos.|Wed Sep 18 20:09:15 +0000 2024
SATMX|@GretaNidia Buen día, agradecemos ingreses a presentar tu declaración en el transcurso del día, saludos.|Wed Sep 18 19:55:06 +0000 2024
SATMX|@JORGETM27 En este caso, agradecemos ingreses a presentar tu declaración en el transcurso del día, saludos.|Wed Sep 18 19:50:07 +0000 2024
SATMX|@Ceci_valerio Buen día, agradecemos intentes presentar tu declaración en el transcurso del día desde un navegador diferente, previa eliminación de cookies y archivos temporales, saludos.|Wed Sep 18 18:47:08 +0000 2024
SATMX|@MauRmz22 Buen día, agradecemos intentes presentar tu declaración en el transcurso del día desde un navegador diferente, previa eliminación de cookies y archivos temporales, saludos.|Wed Sep 18 18:37:02 +0000 2024
SATMX|@XoCastillo Buen día, el servicio se encuentra disponible, agradecemos presentes tu declaración ingresando desde un navegador diferente, previa eliminación de cookies y archivos temporales, te recomendamos utilizar Mozilla Firefox, saludos.|Wed Sep 18 18:23:42 +0000 2024
SATMX|@pauloflores85 El aplicativo se encuentra brindando servicio, agradecemos intentes presentar tu declaración desde el navegador Mozilla Firefox y contar con java en su versión actualizada conforme al sistema operativo de tu dispositivo, saludos.|Wed Sep 18 18:21:17 +0000 2024
SATMX|@manCancino27 Buen día, agradecemos nos especifiques cuál es el motivo de las modificaciones que deseas realizar y el tipo de declaración complementaria que te encuentras seleccionando, quedamos atentos.|Wed Sep 18 16:57:51 +0000 2024
SATMX|Presenta tu declaración provisional o definitiva, recuerda que si el sexto dígito numérico de tu RFC es 1 o 2, cuentas con un día hábil más. https://t.co/0RRLlmNmFN|Wed Sep 18 16:28:43 +0000 2024
SATMX|@LiliGuz3579 Buen día, el portal se encuentra brindado servicio, realiza el envío de tu declaración en: https://t.co/ekt1qumU7U, ingresado desde un navegador diferente, previa eliminación de cookies y archivos temporales, saludos.|Fri Sep 13 16:51:48 +0000 2024
SATMX|@mabelation Buen día, si te refieres a tu saldo a favor, ¿podrías indicarnos en qué régimen fiscal tributas, cuándo presentaste tu declaración, de qué ejercicio, si presentaste el Formato Electrónico de Devolución y qué estatus tiene?, quedamos atentos.|Thu Sep 12 18:27:50 +0000 2024
SATMX|@LuisGut28293531 Buen día, el servicio se encuentra disponible, consulta el RFC en: https://t.co/HaQa8WQAIY, en cuanto a tu declaración, es necesario que valides dicha situación con la autoridad competente, saludos.|Wed Sep 11 22:33:08 +0000 2024
SATMX|@Rode_Princess Buen día, agradecemos ingreses a presentar tu declaración desde un navegador diferente, previa eliminación de cookies ya archivos temporales, saludos.|Wed Sep 11 20:41:55 +0000 2024
SATMX|@albertomr7302 Buen día, el servicio se encuentra disponible, agradecemos ingreses a presentar tu declaración desde un navegador diferente, previa eliminación de cookies ya archivos temporales, saludos.|Wed Sep 11 19:40:40 +0000 2024
SATMX|@robcv Buen día, agradecemos ingreses a presentar tu declaración desde un navegador diferente, previa eliminación de cookies ya archivos temporales, saludos.|Wed Sep 11 19:24:23 +0000 2024
SATMX|@SCARLETVETT Buen día, el servicio se encuentra disponible, agradecemos ingreses nuevamente a presentar tu declaración, saludos.|Wed Sep 11 18:09:56 +0000 2024
SATMX|@Chipiturca3 Buen día, agradecemos ingreses a presentar tu declaración desde un navegador diferente, previa eliminación de cookies ya archivos temporales, saludos.|Wed Sep 11 18:05:09 +0000 2024
SATMX|@Cynthia_Mdoz Buen día, recuerda que debes presentar tus declaraciones conforme a tu constancia de situación fiscal, de igual manera, si no haz presentando dicha declaración se tendrá que presentar como normal, así mismo...|Wed Sep 11 16:41:29 +0000 2024
SATMX|@quehacerfiscal Buen día, el portal se encuentra brindado servicio, realiza el envío de tu declaración en: https://t.co/ekt1qumU7U, ingresado desde un navegador diferente, previa eliminación de cookies y archivos temporales, saludos.|Wed Sep 11 15:08:53 +0000 2024
SATMX|@Romi56007059053 Buen día, si percibes ingresos por pensión o jubilación, únicamente te encuentras obligado a presentar declaración anual, así mismo, puedes presentarla en línea desde nuestro portal con contraseña o e.firma, saludos.|Tue Sep 10 19:34:31 +0000 2024
SATMX|@_VcGarcia Buen día, a fin de orientarte, ¿podrías indicarnos si eres persona física o moral, en qué régimen fiscal tributas, de qué declaración se trata y qué mensaje te arroja?, quedamos atentos.|Tue Sep 10 19:29:26 +0000 2024
SATMX|@MinervaRodC Buen día, agradecemos nos especifiques la declaración a presentar y la problemática que refieres, quedamos atentos.|Tue Sep 10 15:40:56 +0000 2024
SATMX|@Carmen_uyeda Buen día, agradecemos nos especifiques la declaración a presentar y la problemática que refieres, quedamos atentos.|Tue Sep 10 15:39:18 +0000 2024
SATMX|@kqarla_GS Buen día, agradecemos nos especifiques qué declaración es la que deseas presentar y qué te indica nuestro aplicativo, quedamos atentos.|Tue Sep 10 15:36:48 +0000 2024
SATMX|@wiliamY Buen día, agradecemos nos especifiques qué declaración es la que deseas presentar y qué te indica nuestro aplicativo, quedamos atentos.|Tue Sep 10 15:22:57 +0000 2024
SATMX|@yamifresiux Buen día, agradecemos ingreses a consultar en el transcurso del día si ya se cuenta con el acuse de tu declaración a fin de validar si se presentó en alguno de los intentos realizados, saludos.|Mon Sep 09 19:37:22 +0000 2024
SATMX|@juancho8365 Buen día, agradecemos nos especifiques cuál es la declaración a presentar y la falla que refieres, quedamos atentos.|Mon Sep 09 19:04:17 +0000 2024
SATMX|@CzarinaUrquidez Buen día, agradecemos ingreses a presentar tu declaración desde un navegador diferente, previa eliminación de cookies y archivos temporales, te recomendamos utilizar Mozilla Firefox, saludos.|Wed Sep 04 23:15:04 +0000 2024
SATMX|@EQR72 Buen día, presenta tu declaración ingresando desde un navegador diferente, previa eliminación de cookies y archivos temporales, te recomendamos utilizar Mozilla Firefox, saludos.|Mon Sep 02 17:41:49 +0000 2024
SATMX|@spaniardyknc Buen día, a fin de orientarte ¿podrías indicarnos en qué régimen fiscal tributas, qué declaración deseas presentar y cuál es la situación que presentas o el mensaje que te arroja?, quedamos atentos.|Mon Sep 02 16:36:35 +0000 2024
SATMX|@GabySalasMtz1 Buen día, el portal se encuentra brindado servicio, realiza el envío de tu declaración en: https://t.co/ekt1qunrXs, ingresado desde un navegador diferente, previa eliminación de cookies y archivos temporales, saludos.|Mon Sep 02 16:01:45 +0000 2024
SATMX|@robbiems Buen día, el portal se encuentra brindado servicio, realiza el envío de tu declaración en: https://t.co/ekt1qunrXs, ingresado desde un navegador diferente, previa eliminación de cookies y archivos temporales, saludos.|Fri Aug 30 19:00:46 +0000 2024
SATMX|@CeliaSV1 Buen día, a fin de orientarte, ¿podrías indicarnos si eres persona física o moral, qué declaración estás presentando y el mensaje que te arroja?, quedamos atentos.|Thu Aug 29 22:17:08 +0000 2024
SATMX|@artonetmx Buen día, agradecemos ingreses a presentar tu declaración desde un navegador diferente, previa eliminación de cookies y archivos temporales, te recomendamos utilizar Mozilla Firefox, saludos.|Wed Aug 28 16:31:24 +0000 2024
SATMX|@LuisAmlover Buen día, agradecemos ingreses a presentar tu declaración desde un navegador diferente, previa eliminación de cookies y archivos temporales, te recomendamos utilizar Mozilla Firefox, saludos.|Wed Aug 28 16:24:50 +0000 2024
SATMX|@marinyyo1211 Si presentas declaración anual y te refieres a deducciones personales, existen conceptos que sí aceptan que el pago sea en efectivo, valida la información en: https://t.co/sxHrPdwuMi, en el apartado “Qué puedo deducir”, saludos.|Tue Aug 27 20:12:20 +0000 2024
SATMX|@JavierChetuz1 En este caso, agradecemos ingreses a presentar tu declaración desde un navegador diferente, previa eliminación de cookies y archivos temporales, te recomendamos utilizar Mozilla Firefox, saludos.|Tue Aug 27 18:45:08 +0000 2024
SATMX|@IvetteMariaano Buen día, el portal se encuentra brindado servicio, realiza el envío de tu declaración en: https://t.co/ekt1qumU7U, ingresado desde un navegador diferente, previa eliminación de cookies y archivos temporales, saludos.|Tue Aug 27 18:42:57 +0000 2024
SATMX|@EduGunner4 Buen día, agradecemos realices el envío de tu declaración ingresando desde un navegador diferente, previa eliminación de cookies y archivos temporales, saludos.|Tue Aug 27 18:05:12 +0000 2024
SATMX|@Paabz Buen día, a fin de poder brindarte una mejor orientación, podrías indicarnos si eres persona física o moral, en que régimen estas tributando y que declaración o declaraciones no has podido pagar, quedamos al pendiente.|Tue Aug 27 17:43:17 +0000 2024
SATMX|@MarioHBT35 Buen día, agradecemos ingreses a presentar tu declaración desde un navegador diferente, te recomendamos utilizar Mozilla Firefox, saludos.|Mon Aug 26 22:35:12 +0000 2024
SATMX|@AndrsSa30643771 Buen día, recuerda que en términos del artículo 90, párrafo segundo, los prestamos no serán considerados un ingreso y en su caso, solo deberás informarlos en tu declaración anual si exceden de $600,000.00 pesos, sin embargo, solo será un dato informativo, saludos.|Mon Aug 26 19:46:05 +0000 2024
SATMX|"#ComunicadoSAT 

El SAT recuerda a las personas físicas que los pagos por colegiaturas y por transporte escolar, cuando este sea obligatorio, son conceptos deducibles en la declaración anual. Para ello, deben solicitar factura a la institución educativa con el complemento de https://t.co/l9LYR21nve"|Mon Aug 26 17:24:46 +0000 2024
SATMX|@soykarl0s Buen día, agradecemos nos indiques cuál es la declaración que deseas presentar y la problemática que se presenta, quedamos atentos.|Fri Aug 23 21:40:29 +0000 2024
SATMX|@dul_dul7 Buen día, el portal se encuentra brindado servicio, realiza el envío de tu declaración en: https://t.co/ekt1qunrXs, ingresado desde un navegador diferente, previa eliminación de cookies y archivos temporales, saludos.|Fri Aug 23 18:44:49 +0000 2024
SATMX|@silvesre8398 Buen día, el portal se encuentra brindado servicio, realiza el envío de tu declaración en: https://t.co/ekt1qumU7U, ingresado desde un navegador diferente, previa eliminación de cookies y archivos temporales, saludos.|Fri Aug 23 18:11:29 +0000 2024
SATMX|@YuVanegas007 Buen día, agradecemos ingreses a presentar tu declaración desde un navegador diferente, previa eliminación de cookies y archivos temporales, te recomendamos utilizar Mozilla Firefox, saludos.|Fri Aug 23 15:24:00 +0000 2024
SATMX|@Gama1910CHNP Buen día, el portal se encuentra brindado servicio, ingresa a realizar el envío de tu declaración en: https://t.co/ekt1qunrXs, desde un navegador diferente, saludos.|Wed Aug 21 20:20:39 +0000 2024
SATMX|@JLGarcia_C Buen día, agradecemos ingreses a presentar tu declaración desde un navegador diferente, previa eliminación de cookies y archivos temporales, te recomendamos utilizar Mozilla Firefox, saludos.|Wed Aug 21 19:44:59 +0000 2024
SATMX|@JuanJos39645865 Buen día, agradecemos nos especifiques cuál es la declaración que deseas presentar y la problemática que refieres, quedamos atentos.|Tue Aug 20 15:22:45 +0000 2024
SATMX|"@tirritaire9 Buen día, deberás ingresar al aplicativo de declaración anual, posteriormente al apartado de ""Declaraciones pagadas"" y capturar la información necesaria, saludos."|Mon Aug 19 19:15:23 +0000 2024
SATMX|@AlitaCoRo Buen día, agradecemos nos especifiques qué te indica nuestro aplicativo al intentar ingresar, y cuál es la declaración que deseas presentar, quedamos atentos.|Mon Aug 19 16:43:02 +0000 2024
SATMX|@cp_gama_2_2 Buen día, agradecemos nos especifiques cuál es la problemática que refieres para presentar tu declaración, quedamos atentos.|Mon Aug 19 16:29:54 +0000 2024
SATMX|@Saoriiie Buen día, agradecemos nos especifiques qué te indica nuestro aplicativo al intentar ingresar, y cuál es la declaración que deseas presentar, quedamos atentos.|Mon Aug 19 16:26:56 +0000 2024
SATMX|@yosoybayo En este caso, agradecemos ingreses a presentar tu declaración en el transcurso del día, saludos.|Fri Aug 16 23:04:45 +0000 2024
SATMX|@TuRy_Forever Buen día, agradecemos ingreses a presentar tu declaración desde un navegador diferente, previa eliminación de cookies y archivos temporales, te recomendamos utilizar Mozilla Firefox, saludos.|Fri Aug 16 20:13:19 +0000 2024
SATMX|@andreita_nancit En este caso, presenta tu declaración iniciando un nuevo formulario, así mismo, ingresa desde un navegador diferente, previa eliminación de cookies y archivos temporales, te recomendamos utilizar Mozilla Firefox, saludos.|Fri Aug 16 19:59:30 +0000 2024
SATMX|@WarlockAngelB Buen día, agradecemos ingreses a presentar tu declaración desde un navegador diferente, previa eliminación de cookies y archivos temporales, te recomendamos utilizar Mozilla Firefox, saludos.|Fri Aug 16 19:41:34 +0000 2024
SATMX|@CF1028 Buen día, agradecemos ingreses a presentar tu declaración desde un navegador diferente, previa eliminación de cookies y archivos temporales, te recomendamos utilizar Mozilla Firefox, saludos.|Fri Aug 16 19:31:10 +0000 2024
SATMX|@majosearme1984 No es necesario realizar un procedimiento adicional a indicarlo en la misma declaración anual, recuerda que tienes hasta 5 ejercicios siguientes al ejercicio en el que se determinó para aplicarlo, saludos.|Fri Aug 16 18:48:57 +0000 2024
SATMX|"Presenta tu declaración provisional o definitiva.

Recuerda que cuando el día 17 es inhábil, la obligación se recorre al día hábil siguiente, y si eres acreedor al beneficio, cuentas con la prórroga conforme al sexto dígito numérico de tu RFC. https://t.co/Uq7CcxL6Co"|Fri Aug 16 18:05:01 +0000 2024
SATMX|@oscardemty Por favor indícanos si en tu declaración anual seleccionaste la opción de compensar el saldo a favor determinado y si es el primer período en el que lo vas a aplicar, seguimos atentos.|Fri Aug 16 17:25:39 +0000 2024
SATMX|@Aveces_Pancreas Buen día, en este caso agradecemos ingreses a realizar tu declaración en el transcurso del día, saludos.|Fri Aug 16 15:40:17 +0000 2024
SATMX|@priehn Buen día, agradecemos ingreses a consultar si se cuenta con el acuse de tu declaración, a fin de validar si se realizó el envío, saludos.|Thu Aug 15 22:15:38 +0000 2024
SATMX|@elreyhelao Buen día, agradecemos ingreses a presentar tu declaración desde un navegador diferente, previa eliminación de cookies y archivos temporales, te recomendamos utilizar Mozilla Firefox, saludos.|Thu Aug 15 17:06:37 +0000 2024
SATMX|@DiegoTroyWonder Buen día, agradecemos ingreses a presentar tu declaración desde un navegador diferente, previa eliminación de cookies y archivos temporales, te recomendamos utilizar Mozilla Firefox, saludos.|Thu Aug 15 17:02:49 +0000 2024
SATMX|@Rosario39339813 Buen día, agradecemos ingreses a presentar tu declaración desde un navegador diferente, previa eliminación de cookies y archivos temporales, te recomendamos utilizar Mozilla Firefox, saludos.|Thu Aug 15 17:01:48 +0000 2024
SATMX|@i_Beree Buen día, agradecemos ingreses a presentar tu declaración desde un navegador diferente, previa eliminación de cookies y archivos temporales, te recomendamos utilizar Mozilla Firefox, saludos.|Thu Aug 15 16:52:00 +0000 2024
SATMX|@Btwbby Buen día, agradecemos ingreses a presentar tu declaración desde un navegador diferente, previa eliminación de cookies y archivos temporales, te recomendamos utilizar Mozilla Firefox, saludos.|Thu Aug 15 16:46:37 +0000 2024
SATMX|@MANUELJPALOMOE Buen día, agradecemos ingreses a presentar tu declaración desde un navegador diferente, previa eliminación de cookies y archivos temporales, te recomendamos utilizar Mozilla Firefox, saludos.|Thu Aug 15 16:10:22 +0000 2024
SATMX|@vsdovali Buen día, agradecemos ingreses a presentar tu declaración desde un navegador diferente, previa eliminación de cookies y archivos temporales, te recomendamos utilizar Mozilla Firefox, saludos.|Thu Aug 15 16:09:18 +0000 2024
SATMX|@MAICO64 Buen día, agradecemos ingreses a presentar tu declaración desde un navegador diferente, previa eliminación de cookies y archivos temporales, te recomendamos utilizar Mozilla Firefox, saludos.|Thu Aug 15 16:08:39 +0000 2024
SATMX|@elizabettmoon Buen día, agradecemos ingreses a presentar tu declaración desde un navegador diferente, previa eliminación de cookies y archivos temporales, te recomendamos utilizar Mozilla Firefox, saludos.|Thu Aug 15 16:05:07 +0000 2024
SATMX|@ArelyDSAnzaldua Buen día, agradecemos ingreses a presentar tu declaración desde un navegador diferente, previa eliminación de cookies y archivos temporales, te recomendamos utilizar Mozilla Firefox, saludos.|Thu Aug 15 15:14:28 +0000 2024
SATMX|@corparsa Buen día, agradecemos ingreses a presentar tu declaración desde un navegador diferente, previa eliminación de cookies y archivos temporales, te recomendamos utilizar Mozilla Firefox, saludos.|Thu Aug 15 15:13:30 +0000 2024
SATMX|@melg6702 Buen día, agradecemos ingreses a presentar tu declaración desde un navegador diferente, previa eliminación de cookies y archivos temporales, te recomendamos utilizar Mozilla Firefox, saludos.|Thu Aug 15 15:10:45 +0000 2024
SATMX|@HallelAlvi Buen día, agradecemos ingreses a presentar tu declaración desde un navegador diferente, previa eliminación de cookies y archivos temporales, te recomendamos utilizar Mozilla Firefox, saludos.|Thu Aug 15 15:06:04 +0000 2024
SATMX|@EverardoHiguera Buen día, agradecemos ingreses a presentar tu declaración desde un navegador diferente, previa eliminación de cookies y archivos temporales, te recomendamos utilizar Mozilla Firefox, saludos.|Thu Aug 15 15:04:56 +0000 2024
SATMX|@ladanidanii_ Buen día, agradecemos ingreses a presentar tu declaración desde un navegador diferente, previa eliminación de cookies y archivos temporales, te recomendamos utilizar Mozilla Firefox, saludos.|Thu Aug 15 15:03:07 +0000 2024
SATMX|@malopecast Buen día, agradecemos ingreses a presentar tu declaración desde un navegador diferente, te recomendamos utilizar Mozilla Firefox, saludos.|Thu Aug 15 15:01:03 +0000 2024
SATMX|@KarinanahiG Buen día, agradecemos ingreses a presentar tu declaración en los siguientes días, una vez que se actualice la información, saludos.|Wed Aug 14 18:35:31 +0000 2024
SATMX|@Me_Charms Buen día, recuerda que las transferencias por si mismas no generan impuestos, únicamente si se trata de un ingreso por préstamo mayor a $600,000.00 deberás informarlo en tu declaración, saludos.|Wed Aug 14 16:06:09 +0000 2024
SATMX|@louise_bisbal Buen día, agradecemos ingreses a presentar tu declaración desde un navegador diferente, previa eliminación de cookies y archivos temporales, te recomendamos utilizar Mozilla Firefox, saludos.|Tue Aug 13 22:56:41 +0000 2024
SATMX|@rubiotemo92 Buen día, si te refieres a tu declaración provisional, ¿podrías indicarnos en qué régimen fiscal tributas y cuál es la situación que presentas?, quedamos atentos.|Tue Aug 13 21:33:32 +0000 2024
SATMX|@Alfredodd Buen día, agradecemos ingreses a presentar tu declaración desde un navegador diferente, previa eliminación de cookies y archivos temporales, te recomendamos utilizar Mozilla Firefox, saludos.|Tue Aug 13 19:19:11 +0000 2024
SATMX|@cguzmano23 Buen día, presenta tu declaración desde un navegador diferente, previa eliminación de cookies y archivos temporales, te recomendamos utilizar Mozilla Firefox, en caso de que continúes con la misma situación...|Tue Aug 13 17:10:01 +0000 2024
SATMX|@Liosveracruz Buen día, presenta tu declaración desde un navegador diferente, previa eliminación de cookies y archivos temporales, te recomendamos utilizar Mozilla Firefox, en caso de que continúes con la misma situación...|Tue Aug 13 17:00:54 +0000 2024
SATMX|@pattypatito84 Buen día, agradecemos ingreses a presentar tu declaración desde un navegador diferente, previa eliminación de cookies y archivos temporales, te recomendamos utilizar Mozilla Firefox, saludos.|Tue Aug 13 17:00:00 +0000 2024
SATMX|@Daniel96PJ Buen día, agradecemos ingreses a presentar tu declaración desde un navegador diferente, previa eliminación de cookies y archivos temporales, te recomendamos utilizar Mozilla Firefox, saludos.|Tue Aug 13 16:57:19 +0000 2024
SATMX|@josemanuelvl389 Buen día, presenta tu declaración desde un navegador diferente, previa eliminación de cookies y archivos temporales, te recomendamos utilizar Mozilla Firefox, en caso de que continúes con la misma situación...|Tue Aug 13 16:50:24 +0000 2024
SATMX|"Presenta a tiempo tu declaración provisional o definitiva.

Identifica la fecha límite de pago, según el sexto dígito numérico de tu RFC. https://t.co/Fl58EBE5We"|Tue Aug 13 16:15:26 +0000 2024
SATMX|@Ava_Uribe Buen día, agradecemos ingreses a presentar tu declaración desde un navegador diferente, previa eliminación de cookies y archivos temporales, te recomendamos utilizar Mozilla Firefox, saludos.|Tue Aug 13 16:08:01 +0000 2024
SATMX|@Aliciaali92 Buen día, presenta tu declaración desde un navegador diferente, previa eliminación de cookies y archivos temporales, te recomendamos utilizar Mozilla Firefox, en caso de que continúes con la misma situación...|Tue Aug 13 15:28:15 +0000 2024
SATMX|@CPalomaV Buen día, agradecemos ingreses a presentar tu declaración desde un navegador diferente, previa eliminación de cookies y archivos temporales, te recomendamos utilizar Mozilla Firefox, saludos.|Tue Aug 13 15:20:09 +0000 2024
SATMX|@JuanMiguelMDL Buen día, agradecemos ingreses a presentar tu declaración desde un navegador diferente, previa eliminación de cookies y archivos temporales, te recomendamos utilizar Mozilla Firefox, saludos.|Tue Aug 13 15:15:39 +0000 2024
SATMX|@rubichito Buen día, recuerda que podrás deducir en tu declaración anual las colegiaturas, así como los gastos de transportación escolar, en su caso si se niegan a emitir tu factura solicita...|Mon Aug 12 15:47:51 +0000 2024
SATMX|@RosaMaNuez1 Buen día, agradecemos ingreses a presentar tu declaración en los siguientes días, una vez que se actualice la información, saludos.|Fri Aug 09 19:48:16 +0000 2024
SATMX|@Fervalencia68 Buen día, agradecemos ingreses a presentar tu declaración complementaria desde un navegador diferente, previa eliminación de cookies y archivos temporales, saludos.|Thu Aug 08 23:43:59 +0000 2024
SATMX|@tinydunya Buen día, agradecemos realices la validación de tu factura en el transcurso del día, en cuanto a tu declaración, ingresa desde un navegador diferente, previa eliminación de cookies y archivos temporales, saludos.|Thu Aug 08 22:35:36 +0000 2024
SATMX|@roshuep Buen día, si la persona moral se constituyó en marzo del 2021, se encuentra obligada a presentar la declaración definitiva de IVA de dicho periodo, saludos.|Thu Aug 08 21:48:21 +0000 2024
SATMX|@Faby8934 En este caso, ingresa a presentar tu declaración desde un navegador diferente, previa eliminación de cookies y archivos temporales, saludos.|Thu Aug 08 21:34:22 +0000 2024
SATMX|@lumajabra Buen día, presenta tu declaración provisional ingresando desde un navegador diferente, te recomendaos ingresar desde Mozilla Firefox previa eliminación de cookies y archivos temporales, saludos.|Thu Aug 08 19:44:12 +0000 2024
SATMX|@patven77 Buen día, presenta tu declaración anual ingresando desde un navegador diferente, te recomendaos ingresar desde Mozilla Firefox previa eliminación de cookies y archivos temporales, saludos.|Thu Aug 08 19:23:43 +0000 2024
SATMX|@PaulSchwarzB En este caso, presenta tu declaración ingresando desde un navegador diferente, previa eliminación de cookies y archivos temporales, saludos.|Thu Aug 08 19:13:38 +0000 2024
SATMX|@Quique_Casarez Buen día, agradecemos ingreses a presentar tu declaración en el transcurso del día, saludos.|Thu Aug 08 18:41:36 +0000 2024
SATMX|@snack_eater Buen día, recuerda que tienes hasta el día 17 más tus días adicionales conforme al sexto digito numérico de tu RFC para realizar la presentación de tu declaración anual, saludos.|Thu Aug 08 18:33:55 +0000 2024
SATMX|@NayeliA44592322 Buen día, como te comentamos, para presentar tu declaración elimina el formulario e inicia uno nuevo ingresando desde un navegador diferente tales como: Mozilla Firefox, Microsoft Edge, Safari o Google Chrome, saludos.|Thu Aug 08 15:37:58 +0000 2024
SATMX|@cyrano_21 Valida que estés ingresando en el apartado correcto dentro del aplicativo de declaración provisional, así mismo, intenta ingresar desde otros navegadores, previa eliminación de historial de navegación, cookies y archivos temporales, saludos.|Wed Aug 07 20:19:09 +0000 2024
SATMX|@Lu315191977168 Buen día, podrías indicarnos en que régimen fiscal te encuentras tributando y que tipo de declaración es la que deseas presentar, si te refieres a declaración provisional o declaración anual, quedamos al pendiente.|Wed Aug 07 15:37:30 +0000 2024
SATMX|@josemadero95 Buen día, es necesario que valides la información que se te proporciona en el correo, ya que se indica el supuesto en el que te encuentras por el cual tienes la obligación de presentar tu declaración anual, saludos.|Tue Aug 06 22:50:24 +0000 2024
SATMX|@jairodeoz9 Buen día, agradecemos ingreses a presentar tu declaración en los siguientes días, una vez que se actualice la información, saludos.|Tue Aug 06 20:54:04 +0000 2024
SATMX|@ad_cautelam1 Buen día, si ya validaste contar con los CFDI que amparan dichos ingresos, agradecemos ingreses a presentar tu declaración en los siguientes días, una vez que se actualice la información, saludos.|Tue Aug 06 18:53:38 +0000 2024
SATMX|@KarenBbota Buen día, deberás presentar una declaración complementaria por modificación de obligaciones para que se te proporciones una línea de captura actualizada, saludos.|Mon Aug 05 22:07:30 +0000 2024
SATMX|@juancagtzhdz Buen día, puedes presentar tu declaración anual con tu Contraseña del RFC, puedes generarla través de SAT ID ingresando en https://t.co/YcvHG7jOFH, consulta el trámite que deberás realizar a través de https://t.co/EyDcYiDkSP, saludos.|Fri Aug 02 19:19:18 +0000 2024
SATMX|@DanielHjefe1304 Buen día, puedes indicarnos si te refieres a la declaración anual de ISR o si te refieres a la declaración patrimonial, ya que esta última se presenta ante una autoridad distinta al SAT, quedamos al pendiente.|Fri Aug 02 15:55:10 +0000 2024
SATMX|@lizzetho Buen día, a fin de orientarte ¿podrías indicarnos en qué régimen fiscal tributas, cuándo presentaste tu declaración anual del ejercicio 2021 y en su caso, cuándo realizaste el pago?, quedamos atentos.|Wed Jul 31 19:02:59 +0000 2024
SATMX|@RogerCa47034181 El portal se encuentra operando de forma correcta, presenta tu declaración anual ingresando a https://t.co/Ycl8J4qqpY, desde un navegador diferente, previa eliminación de cookies y archivos temporales, saludos.|Wed Jul 31 16:29:54 +0000 2024
SATMX|@23Esvj Buen día, en este caso, ¿podrías indicarnos en qué régimen fiscal tributas, si en tu declaración del periodo anterior la información se encontraba precargada, qué estatus tiene y si presentaste una declaración complementaria?, quedamos atentos.|Wed Jul 31 16:12:27 +0000 2024
SATMX|@jenlomeli El único pago en parcialidades que puedes consultar reflejado en nuestro sistema es el primero, una vez que realices el pago en su totalidad podrás consultar la declaración pagada, saludos.|Tue Jul 30 21:18:31 +0000 2024
SATMX|@jenlomeli Buen día, agradecemos nos especifiques a qué declaración y período o ejercicio, corresponde el pago realizado, quedamos atentos.|Tue Jul 30 19:39:50 +0000 2024
SATMX|@aquisinombre Buen día, podrías indicarnos si en la declaración del  mes anterior se encuentra cargada la información de tus pagos provisionales de meses anteriores, quedamos al pendiente.|Mon Jul 29 15:22:22 +0000 2024
SATMX|@AlejandrooAH En este caso, presenta tu declaración provisional en: https://t.co/8qbdYLo7zQ, desde un navegador diferente, previa eliminación de cookies y archivos temporales, saludos.|Fri Jul 26 22:54:01 +0000 2024
SATMX|@AlejandrooAH Buen día, al presentar la declaración provisional debes capturar la información ya que no vienen datos precargados, así mismo, conforme a la información que nos proporcionas, para realizar la captura de la información primero...|Fri Jul 26 21:38:15 +0000 2024
SATMX|@rinconfrm En este caso, intenta consultar el acuse de tu declaración en el transcurso del día, a fin de validar si la misma ya se encuentra presentada, saludos.|Fri Jul 26 18:57:05 +0000 2024
SATMX|@Transformacin7 No te van a aparecer dichos campos ya que se trata de una declaración definitiva en cuanto al pago que realizaste, es necesario que presentes una declaración completaría para dejar sin efectos a fin de que te puedas acreditar el pago que realizaste, saludos.|Fri Jul 26 18:30:34 +0000 2024
SATMX|@rinconfrm Buen día, presenta tu declaración, ingresando desde un navegador diferente, previa eliminación de cookies y archivos temporales, saludos.|Fri Jul 26 18:17:47 +0000 2024
SATMX|@Transformacin7 provisional tendrás que presentar una declaración complementaria para dejar sin efectos a fin de que se te genere el pago de lo indebido que podrás acreditar en la declaración de correspondiente, saludos.|Fri Jul 26 18:14:12 +0000 2024
SATMX|@Transformacin7 Por la fecha en la que realizaste la actualización de tus obligaciones, la declaración de IVA correspondiente al periodo de junio se debió presentar como pago definitivo, por ello, es necesario que la presentes de forma correcta y en cuanto a la declaración...|Fri Jul 26 18:14:08 +0000 2024
SATMX|@Oscargmg81 Como te comentamos, consulta el acuse de tu declaración en el trascurso del día, a fin de descargar tu línea de captura, saludos.|Fri Jul 26 17:53:27 +0000 2024
SATMX|@Oscargmg81 Buen día, agradecemos ingreses en el transcurso del día a consultar el acuse de tu declaración y validar si la misma ya se encuentra presentada, saludos.|Fri Jul 26 17:28:08 +0000 2024
SATMX|@Eisenheim68 El portal se encuentra operando de forma correcta, agradecemos ingreses a presentar tu declaración desde un navegador diferente, previa eliminación de cookies y archivos temporales, saludos.|Fri Jul 26 16:16:47 +0000 2024
SATMX|@FelinoCos8611 Buen día, a fin de orientarte, ¿podrías indicarnos si eres persona física o moral, en qué régimen fiscal tributas y qué declaración estás presentando?|Fri Jul 26 16:12:56 +0000 2024
SATMX|@CPjcdp Buen día, a fin de orientarte, ¿podrías indicarnos si eres persona física o moral, en qué régimen fiscal tributas y si validaste si se te generó el acuse de tu declaración?, quedamos atentos.|Fri Jul 26 16:03:30 +0000 2024
SATMX|@elcontador77 Buen día, a fin de orientarte, ¿podrías indicarnos en qué régimen fiscal tributas, qué declaración estás presentando y el mensaje que te arroja?, quedamos atentos.|Fri Jul 26 15:55:13 +0000 2024
SATMX|"Presenta tu declaración provisional o definitiva.

Considera que, si el sexto dígito numérico de tu RFC es 9 o 0, tienes hasta el 17 de julio más cinco días hábiles.

#DeclaroYCumplo https://t.co/IzhLKWY3lI"|Wed Jul 24 23:42:52 +0000 2024
SATMX|@akire_aisaka Buen día, si en tu declaración tienes que realizar algún pago, esta indicara que tienes un saldo a cargo y en la parte inferior, encontraras la sección de línea de captura, con la cual podrás realizar el pago en ventanilla bancaria o a través de la banca en línea, saludos.|Wed Jul 24 16:19:29 +0000 2024
SATMX|@poliplaticas Buen día, podrías indicarnos, qué situación se presenta con tu línea de captura y a qué declaración corresponde, quedamos al pendiente.|Wed Jul 24 16:10:07 +0000 2024
SATMX|@rubigj_ Buen día, podrías indicarnos, a que ejercicio corresponde la declaración complementaria que estas intentando presentar, quedamos al pendiente.|Wed Jul 24 15:23:14 +0000 2024
SATMX|"Presenta tu declaración provisional o definitiva.

Considera que, si el sexto dígito numérico de tu RFC es 7 u 8, tienes hasta el 17 de julio más cuatro días hábiles.

#DeclaroYCumplo https://t.co/iK64BJCoLa"|Wed Jul 24 00:14:52 +0000 2024
SATMX|"Presenta tu declaración provisional o definitiva.

Considera que, si el sexto dígito numérico de tu RFC es 5 o 6, tienes hasta el 17 de julio más tres días hábiles.

#DeclaroYCumplo https://t.co/ahgHRQSdOq"|Tue Jul 23 00:03:44 +0000 2024
SATMX|@tirritaire9 Buen día, consulta si te encuentras obligado a presentar declaración anual ingresado a https://t.co/sxHrPdx2BQ, en el apartado “Quiénes deben presentarla”, así mismo, verifica si tienes la obligación en tu constancia de situación fiscal o tu opinión de cumplimiento, saludos.|Mon Jul 22 19:55:37 +0000 2024
SATMX|@clauaby23 Buen día, agradecemos ingreses en el transcurso del día a consultar el acuse de tu declaración complementaria que presentaste, saludos.|Mon Jul 22 18:32:05 +0000 2024
SATMX|@krlosLopez299 Buen día, presenta tu declaración anual ingresando a https://t.co/Ycl8J4qYfw, así mismo, valida si te encentras obligado a presentarla en: https://t.co/sxHrPdx2BQ, en el apartado “Quiénes deben presentarla”, saludos.|Mon Jul 22 17:11:38 +0000 2024
SATMX|@isel2008 Buen día, si validaste que no estás obligado a presentar declaración anual, es necesario que presentes tu caso de aclaración conforme al procedimiento que se encuentra en el correo de referencia, saludos.|Mon Jul 22 16:22:23 +0000 2024
SATMX|@Cvndarkarr “modificación de la declaración”, al momento de enviar tu declaración, se generará una nueva línea de captura vigente para realizar el pago, saludos.|Fri Jul 19 17:34:12 +0000 2024
SATMX|@Cvndarkarr Si requieres generar nuevamente tu línea de captura de la declaración anual, debes ingresar nuevamente en el aplicativo de la declaración y presentar una declaración complementaria del tipo...|Fri Jul 19 17:34:07 +0000 2024
SATMX|@caoj2002 Buen día, agradecemos sigas intentando acceder al portal para presentar tu declaración durante el transcurso de las siguientes horas, quedamos al pendiente.|Fri Jul 19 16:23:41 +0000 2024
SATMX|@hugorodcor Buen día, es necesario que sigas intentando ingresar al portal para presentar tu declaración durante el transcurso de las siguientes horas, quedamos al pendiente.|Fri Jul 19 16:14:38 +0000 2024
SATMX|"Presenta tu declaración provisional o definitiva.

Considera que, si el sexto dígito numérico de tu RFC es 3 o 4, tienes hasta el 17 de julio más dos días hábiles.

#DeclaroYCumplo https://t.co/4FEO9ZhMgB"|Thu Jul 18 23:05:54 +0000 2024
SATMX|@LaloArmx Buen día, agradecemos ingreses con posterioridad a consultar el acuse de tu declaración, saludos.|Thu Jul 18 21:24:14 +0000 2024
SATMX|"Presenta tu declaración provisional o definitiva.

Considera que, si el sexto dígito numérico de tu RFC es 1 o 2, tienes hasta el 17 de julio más un día hábil.

Declaro y cumplo. https://t.co/bisdNCWper"|Wed Jul 17 22:54:56 +0000 2024
SATMX|@perseidahepburn Buen día, en este caso elimina el formulario e inicia uno nuevo ingresando a presentar tu declaración desde un navegador diferente, previa eliminación de cookies y archivos temporales, saludos.|Wed Jul 17 17:58:21 +0000 2024
SATMX|@JuanJonkyMorter Las capturas que nos adjuntas corresponden al acuse a tu declaración, debes darle seguimiento a tu tramite en el apartado de “Seguimiento de tramites y requerimientos” sin embargo, debes tener en cuenta que dicho apartado se encuentra...|Tue Jul 16 17:32:18 +0000 2024
SATMX|@FernandoAlaan Para estar en posibilidad de orientarte, es necesario que nos especifiques qué obligación estás presentando, es decir, si te refieres a la DIOT, la declaración de entero de retenciones o de qué obligación se trata, quedamos atentos.|Mon Jul 15 23:14:28 +0000 2024
SATMX|@ya_weey21 En este caso, consulta el acuse de tu declaración en el transcurso del día, saludos.|Mon Jul 15 22:46:38 +0000 2024
SATMX|@RaulAvitia Es necesario que valides la configuración de tu equipo, o bien, puedes acudir a nuestras oficinas sin cita al área de “Mi espacio”, a fin de que se te brinde un equipo en el cual puedas presentar tu declaración, saludos.|Mon Jul 15 17:03:56 +0000 2024
SATMX|@RaulAvitia Buen día, agradecemos presentes tu declaración ingresando desde otro navegador, previa eliminación de cookies y archivos temporales, saludos.|Mon Jul 15 16:20:22 +0000 2024
SATMX|@DAVIDSCM Si como nos indicas, estas realizando el pago del adeudo en parcialidades de tu declaración anual, podrás visualizar en el sistema el pago de la totalidad al concluir todos los pagos, si requieres mayor orientación...|Fri Jul 12 20:16:46 +0000 2024
SATMX|@amg53126 Buen día, podrías indicarnos, que situación es la que se te esta presentado al momento de intentar presentar tu declaración, quedamos al pendiente.|Fri Jul 12 17:38:32 +0000 2024
SATMX|"Cumple con presentar a tiempo tu declaración provisional o definitiva, tienes hasta el 17 de julio.

Como parte de las facilidades que ofrece el SAT, consulta la fecha límite de pago, según el sexto dígito de tu RFC. 

Declaro y cumplo https://t.co/gbIePFvgdI"|Thu Jul 11 19:07:49 +0000 2024
SATMX|@hdz_arredondo Buen día, agradecemos ingreses a presentar tu declaración en los próximos días una vez que se haya actualizado tu información, saludos.|Thu Jul 11 15:15:22 +0000 2024
SATMX|@bren_8a Buen día, agradecemos ingreses a presentar tu declaración en los próximos días una vez que se haya actualizado tu información, saludos.|Thu Jul 11 15:14:48 +0000 2024
SATMX|@lilimx722 Buen día, agradecemos presentes tu declaración provisional en el transcurso de los próximos días a fin de que la información se actualice, saludos.|Wed Jul 10 23:37:45 +0000 2024
SATMX|@belemgsb Buen día, el aplicativo permite la captura de la información, por ello, presenta tu declaración iniciando un nuevo formulario desde un navegador diferente, previa eliminación de cookies y archivos temporales, saludos.|Wed Jul 10 22:46:36 +0000 2024
SATMX|@bunnyluvie Buen día, agradecemos presentes tu declaración provisional en el transcurso de los próximos días a fin de que la información se actualice, saludos.|Wed Jul 10 21:17:45 +0000 2024
SATMX|@jairodeoz9 Buen día, agradecemos presentes tu declaración provisional en el transcurso de los próximos días a fin de que la información se actualice, eliminando el formulario e iniciando uno nuevo, desde un navegador diferente, saludos.|Wed Jul 10 17:37:57 +0000 2024
SATMX|@CPFernandoP Buen día, agradecemos presentes tu declaración provisional en el transcurso de los próximos días a fin de que la información se actualice, eliminando el formulario e iniciando uno nuevo, desde un navegador diferente, saludos.|Wed Jul 10 17:24:42 +0000 2024
SATMX|@MajoArmart50619 Buen día, a fin de orientarte, ¿podrías indicarnos en qué declaración se te determinó tu saldo a favor y contra qué declaración deseas aplicarlo?, quedamos atentos.|Wed Jul 10 15:47:15 +0000 2024
SATMX|"@IGtapatio Buen día, si no cuentas con e.firma, tu declaración anual podrás presentarla con contraseña del RFC y la misma podrás generarla en línea ingresando a https://t.co/y2x2Tl2kyB, seleccionando la opción ""Generación de contraseña"", saludos."|Wed Jul 10 15:43:18 +0000 2024
SATMX|@marcos_aan Buen día, agradecemos presentes tu declaración provisional en el transcurso de los próximos días, eliminando el formulario e iniciando uno nuevo, desde un navegador diferente, saludos.|Wed Jul 10 15:35:14 +0000 2024
SATMX|@AVECESAR2207 Buen día, agradecemos ingreses a presentar tu declaración en los próximos días una vez que se haya actualizado tu información, saludos.|Tue Jul 09 20:49:35 +0000 2024
SATMX|@rsdominatrix Si dejaste de percibir ingresos antes del 31 de diciembre, si superaste los $400,000.00 o si tuviste dos o más patrones, tienes la obligación de presentar declaración anual, dicho correo te indica el supuesto en el que te encuentras; en cuanto...|Tue Jul 09 20:48:45 +0000 2024
SATMX|@kikinf81 Buen día, agradecemos ingreses a presentar tu declaración en los próximos días una vez que se haya actualizado tu información, saludos.|Tue Jul 09 19:05:06 +0000 2024
SATMX|@guevaraperea Buen día, agradecemos ingreses a presentar tu declaración en los próximos días una vez que se haya actualizado tu información, saludos.|Tue Jul 09 18:30:50 +0000 2024
SATMX|@elias8375915321 Buen día, agradecemos ingreses a presentar tu declaración en los próximos días una vez que se haya actualizado tu información, saludos.|Tue Jul 09 18:17:47 +0000 2024
SATMX|@VctorDa73375962 Buen día, agradecemos ingreses a presentar tu declaración en los próximos días una vez que se haya actualizado tu información, saludos.|Tue Jul 09 17:52:35 +0000 2024
SATMX|@rsdominatrix Buen día, es necesario que leas nuevamente el correo recibido ya que en el mismo se indica el motivo por el cuál se requiere la presentación de dicha declaración, así mismo, si requieres una aclaración, en el correo se proporcionan las indicaciones correspondientes, saludos.|Tue Jul 09 17:34:32 +0000 2024
SATMX|@GLORIAM64282442 Buen día, en este caso agradecemos ingreses a presentar tu declaración en los próximos días, saludos.|Tue Jul 09 17:28:45 +0000 2024
SATMX|@LunitaLunits Buen día, en este caso agradecemos ingreses a presentar tu declaración en los próximos días, saludos.|Tue Jul 09 15:06:25 +0000 2024
SATMX|@sardis_ Buen día, la e.firma solo puede ser tramitada con previa cita en alguna administración en territorio nacional, en su caso si requieres presentar alguna declaración como persona física, podrás realizarla con tu Contraseña del RFC, que podrás tramitar en SAT ID...|Mon Jul 08 21:32:16 +0000 2024
SATMX|@hzhzhzb37349808 Buen día, puedes validar los supuestos en los cuales estarías obligado a presentar tu declaración anual en: https://t.co/8Qn2cwIgFi, saludos.|Mon Jul 08 16:00:55 +0000 2024
SATMX|@Caaarloz_ Buen día, no te permite editar porque en la información precargada existe un campo que es obligatorio y no fue reportado por tu retenedor, por lo que, para continuar con la presentación de tu declaración, debes seleccionar el ícono...|Fri Jul 05 15:25:56 +0000 2024
SATMX|@tripsmuydensos Buen día, consulta si te encuentras obligada a presentar declaración anual ingresado a https://t.co/sxHrPdwuMi, en el apartado “Quiénes deben presentarla”, saludos.|Fri Jul 05 15:20:49 +0000 2024
SATMX|@FictionLopez Buen día, si dejaste de percibir ingresos antes del 31 de diciembre, tienes la obligación de presentar declaración anual, saludos.|Thu Jul 04 23:13:12 +0000 2024
SATMX|@wave2brie Buen día, si realizaste el pago de tu declaración, la información se actualizará dentro de un plazo máximo de 24 a 72 horas, saludos.|Wed Jul 03 21:23:59 +0000 2024
SATMX|@_ro0s_ Si te refieres a tu declaración anual, consulta si te encuentras obligado a presentarla ingresado a https://t.co/sxHrPdwuMi, en el apartado “Quiénes deben presentarla”, saludos.|Wed Jul 03 18:33:08 +0000 2024
SATMX|@Operativo_A1 Buen día, es necesario que identifiques si en el ejercicio 2023 te emitieron facturas dos empleadores ingresando a https://t.co/v7A0UXUlka, así mismo, valida los si te encuentras obligado a presentar declaración anual...|Wed Jul 03 16:45:52 +0000 2024
SATMX|@arquinelly Buen día, consulta si te encuentras obligado a presentar declaración anual en: ingresado a https://t.co/sxHrPdwuMi, en el apartado “Quiénes deben presentarla”, saludos.|Wed Jul 03 15:49:34 +0000 2024
SATMX|@perikomamalon Buen día, si dejaste de percibir ingresos antes del 31 de diciembre te encuentras obligado a presentar declaración anual, valida la información ingresado a https://t.co/sxHrPdwuMi, en el apartado “Quiénes deben presentarla”, saludos.|Wed Jul 03 15:35:08 +0000 2024
SATMX|@tinydunya Buen día, si en su caso, consideras que el calculo de Recargos dentro de tu declaración, no se ha realizado correctamente, puedes editar el campo e ingresar el monto conforme al calculo que realizaste, saludos.|Tue Jul 02 16:09:51 +0000 2024
SATMX|@wave2brie En este caso podrás presentar una declaración complementaria por modificación de la declaración y partir de su presentación, cuentas con 10 días hábiles para que solicites la autorización de pago en parcialidades, saludos.|Mon Jul 01 19:05:01 +0000 2024
SATMX|@wave2brie Si se trata de la declaración anual 2023, para poder optar por la facilidad de pago en parcialidades, era necesario que la presentaras a tiempo (dentro del mes de abril), de lo contrario no será aplicable, respecto a la línea de captura de la primer parcialidad pagada...|Mon Jul 01 17:44:20 +0000 2024
SATMX|@wave2brie Buen día, esto quiere decir que una vez que presentas tu declaración y optas por pagar en parcialidades, deberás enviar la solicitud de autorización para pago en parcialidades dentro de los 10 días hábiles siguientes, saludos.|Mon Jul 01 16:57:23 +0000 2024
SATMX|@derjagerbar Buen día, descarga el acuse de tu declaración anual ingresando a https://t.co/QRT7VPXyOs, seleccionando el apartado “Impresión de acuses”, desde un navegador diferente, saludos.|Fri Jun 28 19:10:11 +0000 2024
SATMX|@ChismesFC Buen día, a fin de orientarte, ¿podrías indicarnos qué declaración estás presentando y en qué régimen fiscal tributas?, quedamos atentos.|Fri Jun 28 18:02:30 +0000 2024
SATMX|@FreddyMartHern1 Al percibir ingresos por concepto de indemnización te encuentras obligado a presentar declaración anual y al presentar la misma se te determinará el saldo a favor o impuesto a cargo correspondiente, saludos.|Fri Jun 28 15:46:01 +0000 2024
SATMX|@hectorzj Buen día, si te refieres a la solicitud de saldo a favor de tu declaración anual del ejercicio 2023, podrías indicarnos, la fecha en la cual la presentaste, quedamos al pendiente.|Mon Jun 24 21:01:08 +0000 2024
SATMX|@cpdanielaa Buen día, debes realizar el pago dentro del plazo que te establece la línea de captura, en caso de que caduque la línea de captura, puedes presentar una declaración complementaria para actualizar la fecha de pago, saludos.|Mon Jun 24 15:29:12 +0000 2024
SATMX|@homerofernando1 Buen día, recuerda que para solicitar saldos a favor de ejercicios anteriores al 2023, además de tu declaración, debes presentar el Formato Electrónico de Devoluciones, si ya lo presentaste, consulta el estatus de tu solicitud en; https://t.co/gv5DkmL67R, saludos.|Mon Jun 24 15:16:57 +0000 2024
SATMX|@ABRAHAMOLIVER88 Buen día, la segunda declaración provisional deja sin efectos a la primera, por ello, si cuentas con un impuesto a cargo, realiza el pago de la última, saludos.|Tue Jun 18 23:07:22 +0000 2024
SATMX|@cabashiito59 Buen día, agradecemos intentes presentar tu declaración ingresando desde otro navegador, previa eliminación de cookies y archivos temporales, saludos.|Tue Jun 18 23:05:17 +0000 2024
SATMX|@Malynemesis Buen día, agradecemos intentes presentar tu declaración ingresando desde otro navegador, previa eliminación de cookies y archivos temporales, saludos.|Tue Jun 18 22:54:58 +0000 2024
SATMX|@gb_sarai Buen día, en este caso agradecemos realices la consulta del acuse de tu declaración provisional en el transcurso del día, saludos.|Tue Jun 18 19:28:45 +0000 2024
SATMX|@rossyoom Buen día, agradecemos intentes presentar tu declaración ingresado desde otro navegador, previa eliminación de cookies y archivos temporales o vuelve a cargar la página, saludos.|Tue Jun 18 19:08:28 +0000 2024
SATMX|@MisaelCobian Buen día, agradecemos realices la consulta del acuse de tu declaración provisional en el transcurso del día, saludos.|Tue Jun 18 18:39:44 +0000 2024
SATMX|@MIRAMARTH Buen día, es necesario que descargues el acuse de tu declaración en la opción “Acuse de recibo de la declaración”, saludos.|Tue Jun 18 15:18:56 +0000 2024
SATMX|@FatimaHe04 Buen día, es necesario que realices el pago de la última declaración presentada, saludos.|Tue Jun 18 15:16:13 +0000 2024
SATMX|@Erikamb05 Buen día, recuerda que conforme al sexto digito numérico de tu RFC, contaras con algunos días adicionales para presentar tu declaración, los cuales van desde un día hábil más hasta un máximo de cinco días hábiles adicionales, quedamos al pendiente.|Mon Jun 17 19:36:51 +0000 2024
SATMX|@fmtzmtz Buen día, recuerda que conforme al sexto digito numérico de tu RFC, contaras con algunos días adicionales para presentar tu declaración, los cuales van desde un día hábil más hasta un máximo de cinco días hábiles adicionales, quedamos al pendiente.|Mon Jun 17 19:23:37 +0000 2024
SATMX|@kimihiroX76 Buen día, recuerda que conforme al sexto digito numérico de tu RFC, contaras con algunos días adicionales para presentar tu declaración, los cuales van desde un día hábil más hasta un máximo de cinco días hábiles adicionales, quedamos al pendiente.|Mon Jun 17 19:22:41 +0000 2024
SATMX|@kasmaar26 Buen día, recuerda que conforme al sexto digito numérico de tu RFC, contaras con algunos días adicionales para presentar tu declaración, los cuales van desde un día hábil más hasta un máximo de cinco días hábiles adicionales, quedamos al pendiente.|Mon Jun 17 19:20:21 +0000 2024
SATMX|"#ComunicadoSAT 

El SAT reconoce y agradece el compromiso de las 10 mil 788 Donatarias Autorizadas que cumplieron con su Declaración de Transparencia del ejercicio 2023, lo que permite generar confianza sobre el uso y destino de los donativos que reciben. 

Para consultar https://t.co/WGrykUmHQs"|Mon Jun 17 17:42:23 +0000 2024
SATMX|@JoseLui48048288 Buen día, si te refieres a tu solicitud de devolución, podrías indicarnos la fecha en la que presentaste tu declaración anual y el ejercicio al que corresponde, quedamos al pendiente.|Mon Jun 17 16:32:47 +0000 2024
SATMX|@im_yeahjop Buen día, el plazo máximo para cancelación de CFDIs del ejercicio 2023 fue a más tardar el mes en el que presentaste tu declaración anual, saludos.|Fri Jun 14 22:05:10 +0000 2024
SATMX|@mi_didiaz Buen día, a fin de que la información se actualice, agradecemos ingreses en el trascurso del día a consultar el acuse de tu declaración, saludos.|Thu Jun 13 21:15:21 +0000 2024
SATMX|@valrodrigue2 Presenta tu declaración en: https://t.co/8dWlTbRhY6, desde un navegador diferente, previa eliminación de cookies y archivos temporales, así mismo, si no logras visualizar la información respecto a la PTU agradecemos esperes a que se actualice la misma, saludos.|Thu Jun 13 18:55:56 +0000 2024
SATMX|@anaraquel_r Buen día, en tu declaración anual, la información se encuentra precargada conforme a los CFDI’s que se emitieron, recuerda que los ingresos por pensión se encuentran exentos siempre que el monto diario no...|Thu Jun 13 17:52:20 +0000 2024
SATMX|@cpjlleal Buen día, a fin de orientarte ¿podrías indicarnos en qué régimen fiscal tributas, qué declaración estás presentando y el mensaje que te arroja?, quedamos atentos.|Thu Jun 13 17:05:11 +0000 2024
SATMX|@valrodrigue2 Buen día, a fin de orientarte ¿podrías indicarnos en qué régimen fiscal tributas, qué declaración estás presentando y el mensaje que te arroja?, quedamos atentos.|Thu Jun 13 17:03:14 +0000 2024
SATMX|@casasbp Buen día, a fin de orientarte ¿podrías indicarnos en qué régimen fiscal tributas, qué declaración estás presentando y la situación que presentas?, quedamos atentos.|Thu Jun 13 16:16:20 +0000 2024
SATMX|@luisaruedasi Buen día, a fin de orientarte ¿podrías indicarnos cuándo presentaste tu declaración?, quedamos atentos.|Thu Jun 13 15:59:54 +0000 2024
SATMX|@fian01 Buen día, a fin de orientarte, ¿podrías indicarnos en qué régimen fiscal tributas y si presentaste una declaración complementaria?, quedamos atentos.|Thu Jun 13 15:55:40 +0000 2024
SATMX|@CeliaSV1 Buen día, es necesario que continúes intentando presentar tu declaración, elimina el formulario sobre el que estás trabajando e inicia uno nuevo...|Wed Jun 12 23:13:38 +0000 2024
SATMX|@ManuelE27558347 solo requieres tu Contraseña o tu e.firma para poder presentar tu declaración, saludos.|Wed Jun 12 19:15:53 +0000 2024
SATMX|@ManuelE27558347 Buen día, si deseas presentar tu declaración anual de personas físicas, puedes consultar la información sobre su presentación y el aplicativo para presentarla en la siguiente liga; https://t.co/8Qn2cwIOuQ...|Wed Jun 12 19:15:41 +0000 2024
SATMX|@jus22mx Buen día, es necesario que continúes intentando presentar tu declaración, elimina el formulario sobre el que estas trabajando e inicia uno nuevo, previa eliminación de historial de navegación, cookies y archivos temporales...|Wed Jun 12 19:05:01 +0000 2024
SATMX|@EssenceEls Buen día, podrías indicarnos, cuando presentaste la declaración, cuando se determino el saldo a favor y que periodo compensaste, quedamos al pendiente.|Wed Jun 12 16:26:11 +0000 2024
SATMX|@quechidito Buen día, ingresa a presentar tu declaración anual eliminando el formulario e iniciando uno nuevo desde un navegador diferente, previa eliminación de cookies y archivos temporales, saludos.|Fri Jun 07 16:54:23 +0000 2024
SATMX|@IvonneA96708177 Buen día, a fin de orientarte ¿podrías indicarnos en qué régimen tributas, qué declaración estás presentando, desde qué aplicativo estás emitiendo tu factura y cuál es la situación que presentas o el mensaje que te arroja?, quedamos atentos.|Fri Jun 07 15:34:03 +0000 2024
SATMX|@LoreConsultor Buen día, ingresa a presentar tu declaración anual eliminando el formulario e iniciando uno nuevo desde un navegador diferente, previa eliminación de cookies y archivos temporales, saludos.|Fri Jun 07 15:32:23 +0000 2024
SATMX|@Sweetie_781 Buen día, podrías indicarnos que problemática se presenta con el aplicativo de declaración anual, quedamos al pendiente.|Wed Jun 05 15:44:30 +0000 2024
SATMX|@D_KRN Buen día, a fin de orientarte, ¿podrías indicarnos cuándo presentaste tu declaración?, quedamos atentos.|Tue Jun 04 22:04:18 +0000 2024
SATMX|@DavidcruzCp Buen día, puedes fundamentarlo en el artículo 264 párrafo segundo del Reglamento de la ley del ISR, así como la guía de llenado de los comprobantes fiscales de la versión 4.0, así como el minisitio de Declaración Anual, al cual podrás acceder en: https://t.co/VnDfAgYFcn, saludos.|Thu May 30 16:41:08 +0000 2024
SATMX|@yaki54973525 Buen día, nuestras citas se programan únicamente ingresando a: https://t.co/z95K19fNva, seleccionando el servicio y la oficina a la que deseas acudir; para conocer si cuentas con saldo a favor, es necesario que presentes la declaración correspondiente, saludos.|Wed May 29 23:36:23 +0000 2024
SATMX|"Donataria, presenta tu declaración informativa de transparencia, recuerda que tienes hasta el 31 de mayo.

Para más información, visita el minisitio en https://t.co/J1fs6nxdD1 https://t.co/zO3C3UxFDU"|Wed May 29 16:34:38 +0000 2024
SATMX|"@pepeer_ Buen día, el trámite se realiza en línea, ingresa al aplicativo de declaración anual y selecciona la opción ""Reimpresión de Acuse"", saludos."|Wed May 29 15:12:58 +0000 2024
SATMX|@Karen60344622 Buen día, para ejercicios anteriores a 2023, adicional a la presentación de la declaración anual es necesario que presentes tu Formato Electrónico de Devolución ingresando a https://t.co/IRyRvRExlB, con tu e.firma, saludos.|Tue May 28 21:41:45 +0000 2024
SATMX|@Marielenalove77 Al consultar el acuse de tu declaración podrás descargar la línea de captura de tu segunda parcialidad, así como las que faltan por cubrir, a fin de que realices el pago correspondiente, saludos.|Tue May 28 17:22:46 +0000 2024
SATMX|@L4ur4sm Buen día, la declaración patrimonial no se presenta ante nosotros, agradecemos valides dicha situación con la autoridad correspondiente, saludos.|Tue May 28 16:06:16 +0000 2024
